operator_id,incoming_calls,missed_calls,wait_seconds,missed_rate,avg_wait_sec,outgoing_calls,tariff_plan,high_missed_rate,high_wait,low_outbound,incoming_risk
879896,58.0,0.0,574.0,0.0,9.89655172413793,872.0,B,False,False,False,False
879898,104.0,0.0,1680.0,0.0,16.153846153846153,7209.0,B,False,False,False,False
880020,7.0,0.0,54.0,0.0,7.714285714285714,38.0,B,False,False,True,False
880022,8.0,0.0,112.0,0.0,14.0,189.0,B,False,False,False,False
880026,24.0,0.0,143.0,0.0,5.958333333333333,2208.0,B,False,False,False,False
880028,63.0,0.0,343.0,0.0,5.444444444444445,2497.0,B,False,False,False,False
880240,0.0,0.0,0.0,0.0,0.0,47.0,B,False,False,True,False
881278,0.0,0.0,0.0,0.0,0.0,20.0,B,False,False,True,False
882476,3.0,0.0,95.0,0.0,31.666666666666668,0.0,C,False,True,True,False
882478,3.0,0.0,76.0,0.0,25.333333333333332,1.0,C,False,True,True,False
882680,99.0,3.0,1591.0,0.030303030303030304,16.07070707070707,0.0,B,True,False,True,False
882684,613.0,4.0,9526.0,0.0065252854812398045,15.539967373572594,661.0,B,False,False,False,False
882686,766.0,4.0,11271.0,0.005221932114882507,14.714099216710183,2884.0,B,False,False,False,False
882688,15.0,0.0,673.0,0.0,44.86666666666667,43.0,B,False,True,True,False
882690,171.0,2.0,7102.0,0.011695906432748537,41.53216374269006,1417.0,B,True,True,False,True
883018,0.0,0.0,0.0,0.0,0.0,2.0,C,False,False,True,False
883898,0.0,0.0,0.0,0.0,0.0,1.0,C,False,False,True,False
883940,6.0,0.0,76.0,0.0,12.666666666666666,632.0,B,False,False,False,False
883942,77.0,0.0,543.0,0.0,7.0519480519480515,2030.0,B,False,False,False,False
884294,1.0,0.0,6.0,0.0,6.0,0.0,A,False,False,True,False
884402,0.0,0.0,0.0,0.0,0.0,4.0,B,False,False,True,False
884406,0.0,0.0,0.0,0.0,0.0,3.0,B,False,False,True,False
884408,35.0,1.0,924.0,0.02857142857142857,26.4,25.0,B,True,True,True,True
884412,18.0,0.0,750.0,0.0,41.666666666666664,748.0,B,False,True,False,False
884478,22.0,0.0,323.0,0.0,14.681818181818182,2270.0,B,False,False,False,False
884524,2.0,0.0,19.0,0.0,9.5,0.0,B,False,False,True,False
884946,12.0,0.0,159.0,0.0,13.25,1847.0,C,False,False,False,False
885682,0.0,0.0,0.0,0.0,0.0,3.0,C,False,False,True,False
886146,1.0,0.0,9.0,0.0,9.0,49.0,A,False,False,True,False
886674,11.0,0.0,168.0,0.0,15.272727272727273,0.0,C,False,False,True,False
886892,2.0,0.0,58.0,0.0,29.0,0.0,C,False,True,True,False
887276,431.0,1.0,12159.0,0.002320185614849188,28.211136890951277,896.0,B,False,True,False,False
887278,52.0,0.0,899.0,0.0,17.28846153846154,256.0,B,False,False,False,False
887280,0.0,0.0,0.0,0.0,0.0,8.0,B,False,False,True,False
887282,28.0,0.0,1249.0,0.0,44.607142857142854,2327.0,B,False,True,False,False
887416,18.0,0.0,301.0,0.0,16.72222222222222,0.0,C,False,False,True,False
887802,16.0,0.0,209.0,0.0,13.0625,121.0,B,False,False,False,False
887992,0.0,0.0,0.0,0.0,0.0,47.0,A,False,False,True,False
888406,9.0,1.0,255.0,0.1111111111111111,28.333333333333332,6.0,C,True,True,True,False
888520,6.0,0.0,94.0,0.0,15.666666666666666,0.0,C,False,False,True,False
888532,12.0,2.0,289.0,0.16666666666666666,24.083333333333332,188.0,A,True,True,False,False
888534,61.0,1.0,1756.0,0.01639344262295082,28.78688524590164,315.0,A,True,True,False,True
888536,2.0,0.0,43.0,0.0,21.5,52.0,A,False,True,True,False
888538,1.0,0.0,24.0,0.0,24.0,5.0,A,False,True,True,False
888540,3.0,0.0,59.0,0.0,19.666666666666668,14.0,A,False,False,True,False
888868,20.0,0.0,403.0,0.0,20.15,52.0,B,False,False,True,False
889410,439.0,0.0,2777.0,0.0,6.325740318906606,1015.0,C,False,False,False,False
889638,4.0,0.0,58.0,0.0,14.5,0.0,C,False,False,True,False
889640,2.0,0.0,27.0,0.0,13.5,0.0,C,False,False,True,False
889754,480.0,1.0,3807.0,0.0020833333333333333,7.93125,1207.0,A,False,False,False,False
890226,3.0,0.0,82.0,0.0,27.333333333333332,3.0,C,False,True,True,False
890228,6.0,1.0,104.0,0.16666666666666666,17.333333333333332,86.0,C,True,False,False,False
890232,0.0,0.0,0.0,0.0,0.0,33.0,C,False,False,True,False
890234,0.0,0.0,0.0,0.0,0.0,1.0,C,False,False,True,False
890402,539.0,0.0,5559.0,0.0,10.313543599257885,1243.0,B,False,False,False,False
890404,516.0,2.0,5561.0,0.003875968992248062,10.777131782945736,1349.0,B,False,False,False,False
890406,425.0,2.0,4021.0,0.004705882352941176,9.461176470588235,1197.0,B,False,False,False,False
890410,16.0,0.0,108.0,0.0,6.75,1216.0,B,False,False,False,False
890412,23.0,0.0,369.0,0.0,16.043478260869566,1112.0,B,False,False,False,False
890416,0.0,0.0,0.0,0.0,0.0,1271.0,B,False,False,False,False
890420,0.0,0.0,0.0,0.0,0.0,695.0,B,False,False,False,False
890422,0.0,0.0,0.0,0.0,0.0,402.0,B,False,False,False,False
890582,104.0,1.0,1306.0,0.009615384615384616,12.557692307692308,58.0,C,True,False,True,False
890618,73.0,0.0,84.0,0.0,1.1506849315068493,270.0,C,False,False,False,False
891152,0.0,0.0,0.0,0.0,0.0,273.0,B,False,False,False,False
891154,0.0,0.0,0.0,0.0,0.0,528.0,B,False,False,False,False
891156,0.0,0.0,0.0,0.0,0.0,18.0,B,False,False,True,False
891158,0.0,0.0,0.0,0.0,0.0,264.0,B,False,False,False,False
891160,0.0,0.0,0.0,0.0,0.0,370.0,B,False,False,False,False
891162,0.0,0.0,0.0,0.0,0.0,104.0,B,False,False,False,False
891166,0.0,0.0,0.0,0.0,0.0,231.0,B,False,False,False,False
891170,0.0,0.0,0.0,0.0,0.0,193.0,B,False,False,False,False
891192,0.0,0.0,0.0,0.0,0.0,1.0,C,False,False,True,False
891250,0.0,0.0,0.0,0.0,0.0,2.0,B,False,False,True,False
891252,0.0,0.0,0.0,0.0,0.0,86.0,B,False,False,False,False
891254,1.0,0.0,26.0,0.0,26.0,0.0,B,False,True,True,False
891410,660.0,1.0,8713.0,0.0015151515151515152,13.201515151515151,2737.0,C,False,False,False,False
891414,503.0,1.0,5923.0,0.0019880715705765406,11.77534791252485,2498.0,C,False,False,False,False
891416,142.0,0.0,2081.0,0.0,14.654929577464788,758.0,C,False,False,False,False
891646,8.0,0.0,164.0,0.0,20.5,0.0,B,False,False,True,False
891744,5.0,0.0,107.0,0.0,21.4,6.0,B,False,True,True,False
891746,0.0,0.0,0.0,0.0,0.0,33.0,B,False,False,True,False
891824,12.0,0.0,195.0,0.0,16.25,32.0,B,False,False,True,False
891900,33.0,0.0,1240.0,0.0,37.57575757575758,0.0,C,False,True,True,False
891906,67.0,0.0,1782.0,0.0,26.597014925373134,0.0,C,False,True,True,False
891908,39.0,0.0,396.0,0.0,10.153846153846153,9.0,A,False,False,True,False
891918,5.0,0.0,156.0,0.0,31.2,1.0,A,False,True,True,False
891946,16.0,0.0,316.0,0.0,19.75,32.0,C,False,False,True,False
891948,1.0,0.0,3.0,0.0,3.0,0.0,C,False,False,True,False
891970,0.0,0.0,0.0,0.0,0.0,15.0,B,False,False,True,False
891976,0.0,0.0,0.0,0.0,0.0,2.0,B,False,False,True,False
891988,414.0,0.0,3865.0,0.0,9.33574879227053,474.0,C,False,False,False,False
892028,0.0,0.0,0.0,0.0,0.0,1337.0,C,False,False,False,False
892530,9.0,0.0,302.0,0.0,33.55555555555556,9.0,B,False,True,True,False
892532,65.0,0.0,1863.0,0.0,28.661538461538463,90.0,B,False,True,False,False
892534,28.0,0.0,941.0,0.0,33.607142857142854,11.0,B,False,True,True,False
892536,16.0,0.0,582.0,0.0,36.375,13.0,B,False,True,True,False
892538,10.0,0.0,300.0,0.0,30.0,116.0,B,False,True,False,False
892798,1.0,0.0,43.0,0.0,43.0,36.0,A,False,True,True,False
892800,0.0,0.0,0.0,0.0,0.0,8.0,A,False,False,True,False
893172,38.0,0.0,895.0,0.0,23.55263157894737,3.0,C,False,True,True,False
893400,2.0,0.0,39.0,0.0,19.5,3.0,C,False,False,True,False
893402,338.0,1.0,5555.0,0.0029585798816568047,16.43491124260355,51.0,C,False,False,True,False
893420,206.0,1.0,4221.0,0.0048543689320388345,20.490291262135923,29.0,C,False,False,True,False
893674,0.0,0.0,0.0,0.0,0.0,2468.0,C,False,False,False,False
893700,0.0,0.0,0.0,0.0,0.0,6.0,C,False,False,True,False
893804,2433.0,6.0,12458.0,0.002466091245376079,5.120427455815865,3413.0,C,False,False,False,False
894120,18.0,1.0,428.0,0.05555555555555555,23.77777777777778,0.0,C,True,True,True,False
894224,11.0,0.0,115.0,0.0,10.454545454545455,33.0,B,False,False,True,False
894226,0.0,0.0,0.0,0.0,0.0,24.0,B,False,False,True,False
894230,6.0,0.0,95.0,0.0,15.833333333333334,15.0,B,False,False,True,False
894232,4.0,0.0,43.0,0.0,10.75,16.0,B,False,False,True,False
894614,8.0,1.0,115.0,0.125,14.375,0.0,B,True,False,True,False
894656,20.0,0.0,483.0,0.0,24.15,3167.0,B,False,True,False,False
894662,1.0,0.0,9.0,0.0,9.0,37.0,B,False,False,True,False
894934,0.0,0.0,0.0,0.0,0.0,19.0,B,False,False,True,False
895140,4.0,0.0,152.0,0.0,38.0,0.0,A,False,True,True,False
895170,11.0,0.0,161.0,0.0,14.636363636363637,0.0,C,False,False,True,False
895172,8.0,0.0,92.0,0.0,11.5,82.0,A,False,False,False,False
895266,2.0,0.0,20.0,0.0,10.0,1.0,B,False,False,True,False
895370,0.0,0.0,0.0,0.0,0.0,10.0,A,False,False,True,False
895574,96.0,0.0,1456.0,0.0,15.166666666666666,0.0,A,False,False,True,False
895576,70.0,1.0,1207.0,0.014285714285714285,17.242857142857144,0.0,A,True,False,True,False
895578,57.0,0.0,844.0,0.0,14.807017543859649,0.0,A,False,False,True,False
895598,3.0,0.0,18.0,0.0,6.0,2.0,C,False,False,True,False
895774,13.0,0.0,142.0,0.0,10.923076923076923,105.0,B,False,False,False,False
895776,12.0,1.0,175.0,0.08333333333333333,14.583333333333334,239.0,B,True,False,False,False
895782,13.0,0.0,249.0,0.0,19.153846153846153,0.0,C,False,False,True,False
895786,36.0,0.0,833.0,0.0,23.13888888888889,0.0,C,False,True,True,False
896008,0.0,0.0,0.0,0.0,0.0,193.0,A,False,False,False,False
896010,10.0,0.0,186.0,0.0,18.6,4.0,A,False,False,True,False
896012,244.0,1.0,1471.0,0.004098360655737705,6.028688524590164,0.0,A,False,False,True,False
896014,14.0,0.0,189.0,0.0,13.5,8.0,A,False,False,True,False
896016,71.0,0.0,551.0,0.0,7.76056338028169,254.0,A,False,False,False,False
896018,8.0,0.0,217.0,0.0,27.125,9.0,A,False,True,True,False
896020,16.0,0.0,15.0,0.0,0.9375,0.0,A,False,False,True,False
896382,36.0,0.0,430.0,0.0,11.944444444444445,392.0,B,False,False,False,False
896384,0.0,0.0,0.0,0.0,0.0,28.0,B,False,False,True,False
896386,0.0,0.0,0.0,0.0,0.0,76.0,B,False,False,False,False
896390,0.0,0.0,0.0,0.0,0.0,97.0,B,False,False,False,False
896428,23.0,0.0,189.0,0.0,8.217391304347826,185.0,C,False,False,False,False
896430,1.0,0.0,13.0,0.0,13.0,14.0,C,False,False,True,False
896536,182.0,2.0,3783.0,0.01098901098901099,20.785714285714285,0.0,A,True,False,True,False
896538,14.0,1.0,665.0,0.07142857142857142,47.5,0.0,A,True,True,True,False
896708,66.0,0.0,792.0,0.0,12.0,152.0,B,False,False,False,False
897030,6.0,0.0,76.0,0.0,12.666666666666666,75.0,C,False,False,False,False
897872,3.0,1.0,65.0,0.3333333333333333,21.666666666666668,49.0,C,True,True,True,False
897894,0.0,0.0,0.0,0.0,0.0,19.0,C,False,False,True,False
898414,24.0,1.0,258.0,0.041666666666666664,10.75,59.0,B,True,False,False,False
898422,64.0,1.0,467.0,0.015625,7.296875,23.0,B,True,False,True,False
898434,0.0,0.0,0.0,0.0,0.0,10.0,B,False,False,True,False
898558,22.0,0.0,622.0,0.0,28.272727272727273,0.0,C,False,True,True,False
898560,19.0,0.0,624.0,0.0,32.8421052631579,0.0,C,False,True,True,False
898676,2.0,0.0,16.0,0.0,8.0,0.0,B,False,False,True,False
898892,12.0,0.0,199.0,0.0,16.583333333333332,82.0,C,False,False,False,False
898902,0.0,0.0,0.0,0.0,0.0,22.0,B,False,False,True,False
898906,19.0,0.0,228.0,0.0,12.0,127.0,B,False,False,False,False
898920,13.0,0.0,194.0,0.0,14.923076923076923,37.0,B,False,False,True,False
899076,0.0,0.0,0.0,0.0,0.0,2.0,B,False,False,True,False
899082,655.0,0.0,13463.0,0.0,20.554198473282444,1511.0,C,False,False,False,False
899250,286.0,4.0,4577.0,0.013986013986013986,16.003496503496503,1374.0,C,True,False,False,False
899268,31.0,2.0,644.0,0.06451612903225806,20.774193548387096,0.0,B,True,False,True,False
899788,0.0,0.0,0.0,0.0,0.0,603.0,C,False,False,False,False
899790,0.0,0.0,0.0,0.0,0.0,716.0,C,False,False,False,False
899892,3.0,0.0,95.0,0.0,31.666666666666668,0.0,B,False,True,True,False
899898,2.0,0.0,50.0,0.0,25.0,0.0,B,False,True,True,False
899900,2.0,0.0,116.0,0.0,58.0,0.0,B,False,True,True,False
899906,1.0,0.0,19.0,0.0,19.0,0.0,B,False,False,True,False
899912,1.0,0.0,19.0,0.0,19.0,0.0,B,False,False,True,False
899932,0.0,0.0,0.0,0.0,0.0,711.0,C,False,False,False,False
899964,0.0,0.0,0.0,0.0,0.0,418.0,C,False,False,False,False
899968,0.0,0.0,0.0,0.0,0.0,364.0,C,False,False,False,False
899972,0.0,0.0,0.0,0.0,0.0,191.0,C,False,False,False,False
900180,9.0,0.0,72.0,0.0,8.0,1682.0,C,False,False,False,False
900192,1.0,0.0,5.0,0.0,5.0,1.0,B,False,False,True,False
900194,55.0,2.0,1179.0,0.03636363636363636,21.436363636363637,43.0,B,True,True,True,True
900352,183.0,0.0,3147.0,0.0,17.19672131147541,307.0,C,False,False,False,False
900354,142.0,1.0,2420.0,0.007042253521126761,17.04225352112676,477.0,C,True,False,False,False
900458,1.0,0.0,9.0,0.0,9.0,28.0,C,False,False,True,False
900492,17.0,1.0,255.0,0.058823529411764705,15.0,234.0,B,True,False,False,False
900592,265.0,0.0,1794.0,0.0,6.769811320754717,109.0,B,False,False,False,False
900594,34.0,0.0,365.0,0.0,10.735294117647058,201.0,C,False,False,False,False
900614,22.0,0.0,215.0,0.0,9.772727272727273,34.0,B,False,False,True,False
900742,22.0,0.0,283.0,0.0,12.863636363636363,16.0,C,False,False,True,False
900746,26.0,1.0,611.0,0.038461538461538464,23.5,49.0,C,True,True,True,True
900788,124.0,1.0,801.0,0.008064516129032258,6.459677419354839,92.0,B,True,False,False,False
900790,44.0,0.0,371.0,0.0,8.431818181818182,55.0,B,False,False,True,False
900792,1.0,0.0,34.0,0.0,34.0,7.0,B,False,True,True,False
900826,86.0,0.0,906.0,0.0,10.534883720930232,510.0,B,False,False,False,False
900892,329.0,3.0,2233.0,0.00911854103343465,6.787234042553192,933.0,B,True,False,False,False
900894,110.0,1.0,1317.0,0.00909090909090909,11.972727272727273,218.0,B,True,False,False,False
901034,13.0,0.0,159.0,0.0,12.23076923076923,12.0,B,False,False,True,False
901038,5.0,0.0,114.0,0.0,22.8,33.0,B,False,True,True,False
901178,288.0,0.0,2563.0,0.0,8.899305555555555,25.0,C,False,False,True,False
901350,92.0,0.0,2343.0,0.0,25.467391304347824,0.0,C,False,True,True,False
901492,30.0,0.0,725.0,0.0,24.166666666666668,3.0,C,False,True,True,False
901498,5.0,0.0,265.0,0.0,53.0,0.0,C,False,True,True,False
901584,104.0,0.0,609.0,0.0,5.855769230769231,172.0,C,False,False,False,False
901586,41.0,0.0,314.0,0.0,7.658536585365853,94.0,C,False,False,False,False
901588,27.0,0.0,166.0,0.0,6.148148148148148,55.0,C,False,False,True,False
901734,28.0,0.0,393.0,0.0,14.035714285714286,0.0,C,False,False,True,False
901880,1825.0,11.0,9568.0,0.006027397260273973,5.242739726027398,2362.0,C,False,False,False,False
901884,566.0,0.0,7676.0,0.0,13.56183745583039,2024.0,C,False,False,False,False
901886,143.0,0.0,2711.0,0.0,18.958041958041957,1416.0,C,False,False,False,False
901894,30.0,0.0,742.0,0.0,24.733333333333334,0.0,C,False,True,True,False
901992,11.0,0.0,91.0,0.0,8.272727272727273,671.0,B,False,False,False,False
901996,3.0,0.0,43.0,0.0,14.333333333333334,26.0,B,False,False,True,False
902238,1.0,0.0,8.0,0.0,8.0,1.0,C,False,False,True,False
902510,122.0,2.0,4107.0,0.01639344262295082,33.66393442622951,1842.0,B,True,True,False,True
902532,239.0,1.0,4070.0,0.0041841004184100415,17.02928870292887,867.0,B,False,False,False,False
902608,13.0,0.0,137.0,0.0,10.538461538461538,219.0,B,False,False,False,False
902720,99.0,0.0,1563.0,0.0,15.787878787878787,2320.0,B,False,False,False,False
902742,0.0,0.0,0.0,0.0,0.0,1173.0,C,False,False,False,False
902744,0.0,0.0,0.0,0.0,0.0,3149.0,C,False,False,False,False
902746,0.0,0.0,0.0,0.0,0.0,2452.0,C,False,False,False,False
902748,0.0,0.0,0.0,0.0,0.0,2542.0,C,False,False,False,False
902774,0.0,0.0,0.0,0.0,0.0,1109.0,C,False,False,False,False
902776,0.0,0.0,0.0,0.0,0.0,1581.0,C,False,False,False,False
902778,0.0,0.0,0.0,0.0,0.0,1300.0,C,False,False,False,False
902782,0.0,0.0,0.0,0.0,0.0,1302.0,C,False,False,False,False
902906,48.0,0.0,828.0,0.0,17.25,0.0,C,False,False,True,False
902910,28.0,1.0,736.0,0.03571428571428571,26.285714285714285,0.0,C,True,True,True,True
903254,243.0,0.0,4134.0,0.0,17.012345679012345,1465.0,C,False,False,False,False
903292,42.0,0.0,589.0,0.0,14.023809523809524,301.0,C,False,False,False,False
903312,127.0,1.0,2229.0,0.007874015748031496,17.551181102362204,53.0,C,True,False,True,False
903318,281.0,0.0,2573.0,0.0,9.15658362989324,1178.0,C,False,False,False,False
903390,9.0,0.0,142.0,0.0,15.777777777777779,0.0,C,False,False,True,False
903512,28.0,0.0,1190.0,0.0,42.5,0.0,A,False,True,True,False
903974,10.0,0.0,167.0,0.0,16.7,0.0,C,False,False,True,False
903976,5.0,0.0,42.0,0.0,8.4,0.0,C,False,False,True,False
903978,4.0,0.0,38.0,0.0,9.5,6.0,C,False,False,True,False
904014,41.0,0.0,506.0,0.0,12.341463414634147,1249.0,C,False,False,False,False
904016,50.0,2.0,926.0,0.04,18.52,4681.0,C,True,False,False,False
904038,462.0,2.0,4107.0,0.004329004329004329,8.88961038961039,215.0,C,False,False,False,False
904044,108.0,0.0,1968.0,0.0,18.22222222222222,23.0,C,False,False,True,False
904058,19.0,0.0,311.0,0.0,16.36842105263158,0.0,C,False,False,True,False
904200,7.0,0.0,146.0,0.0,20.857142857142858,10.0,B,False,True,True,False
904202,7.0,0.0,81.0,0.0,11.571428571428571,233.0,B,False,False,False,False
904204,5.0,0.0,161.0,0.0,32.2,54.0,B,False,True,True,False
904284,47.0,0.0,728.0,0.0,15.48936170212766,0.0,C,False,False,True,False
904344,4.0,0.0,55.0,0.0,13.75,5.0,B,False,False,True,False
904372,3.0,0.0,68.0,0.0,22.666666666666668,0.0,B,False,True,True,False
905082,2.0,0.0,34.0,0.0,17.0,0.0,C,False,False,True,False
905104,296.0,1.0,5111.0,0.0033783783783783786,17.26689189189189,187.0,B,False,False,False,False
905300,25.0,6.0,552.0,0.24,22.08,0.0,C,True,True,True,True
905308,0.0,0.0,0.0,0.0,0.0,3.0,B,False,False,True,False
905430,96.0,1.0,666.0,0.010416666666666666,6.9375,751.0,C,True,False,False,False
905432,12.0,0.0,64.0,0.0,5.333333333333333,726.0,C,False,False,False,False
905470,0.0,0.0,0.0,0.0,0.0,3.0,B,False,False,True,False
905472,1.0,0.0,21.0,0.0,21.0,9.0,B,False,True,True,False
905478,1.0,0.0,36.0,0.0,36.0,0.0,B,False,True,True,False
905480,0.0,0.0,0.0,0.0,0.0,1.0,B,False,False,True,False
905538,244.0,0.0,4294.0,0.0,17.598360655737704,3169.0,C,False,False,False,False
905542,117.0,0.0,2155.0,0.0,18.418803418803417,1985.0,C,False,False,False,False
905564,57.0,0.0,1409.0,0.0,24.719298245614034,694.0,C,False,True,False,False
905566,44.0,0.0,715.0,0.0,16.25,861.0,C,False,False,False,False
905570,0.0,0.0,0.0,0.0,0.0,96.0,C,False,False,False,False
905574,4.0,0.0,42.0,0.0,10.5,428.0,C,False,False,False,False
905840,0.0,0.0,0.0,0.0,0.0,7.0,B,False,False,True,False
905842,2.0,0.0,231.0,0.0,115.5,1031.0,B,False,True,False,False
905844,13.0,0.0,163.0,0.0,12.538461538461538,1032.0,B,False,False,False,False
905862,102.0,15.0,1165.0,0.14705882352941177,11.42156862745098,1.0,C,True,False,True,False
905870,143.0,0.0,1691.0,0.0,11.825174825174825,559.0,B,False,False,False,False
905930,70.0,0.0,440.0,0.0,6.285714285714286,337.0,C,False,False,False,False
905932,36.0,0.0,288.0,0.0,8.0,334.0,C,False,False,False,False
905934,1.0,0.0,9.0,0.0,9.0,20.0,C,False,False,True,False
906070,324.0,1.0,13347.0,0.0030864197530864196,41.19444444444444,71.0,C,False,True,False,False
906076,24.0,0.0,1223.0,0.0,50.958333333333336,1.0,C,False,True,True,False
906294,308.0,1.0,1455.0,0.003246753246753247,4.724025974025974,290.0,C,False,False,False,False
906296,4.0,0.0,65.0,0.0,16.25,197.0,C,False,False,False,False
906392,18.0,0.0,249.0,0.0,13.833333333333334,53.0,A,False,False,True,False
906394,30.0,0.0,858.0,0.0,28.6,520.0,A,False,True,False,False
906396,124.0,0.0,3777.0,0.0,30.45967741935484,415.0,A,False,True,False,False
906398,64.0,0.0,1587.0,0.0,24.796875,40.0,A,False,True,True,False
906400,130.0,0.0,3752.0,0.0,28.861538461538462,426.0,A,False,True,False,False
906402,7.0,0.0,324.0,0.0,46.285714285714285,17.0,A,False,True,True,False
906404,501.0,3.0,13559.0,0.005988023952095809,27.063872255489024,613.0,A,False,True,False,False
906406,715.0,1.0,19143.0,0.0013986013986013986,26.773426573426573,1136.0,A,False,True,False,False
906408,241.0,2.0,6912.0,0.008298755186721992,28.680497925311204,87.0,A,True,True,False,True
906410,232.0,2.0,6035.0,0.008620689655172414,26.012931034482758,19.0,A,True,True,True,True
906412,26.0,0.0,400.0,0.0,15.384615384615385,315.0,A,False,False,False,False
906416,5.0,0.0,83.0,0.0,16.6,77.0,A,False,False,False,False
906418,4.0,0.0,60.0,0.0,15.0,4.0,A,False,False,True,False
906420,5.0,0.0,55.0,0.0,11.0,29.0,A,False,False,True,False
906680,195.0,0.0,7227.0,0.0,37.06153846153846,160.0,B,False,True,False,False
906866,0.0,0.0,0.0,0.0,0.0,655.0,B,False,False,False,False
907174,9.0,0.0,557.0,0.0,61.888888888888886,2524.0,B,False,True,False,False
907178,3.0,0.0,72.0,0.0,24.0,174.0,C,False,True,False,False
907180,0.0,0.0,0.0,0.0,0.0,74.0,C,False,False,False,False
907182,65.0,0.0,714.0,0.0,10.984615384615385,230.0,C,False,False,False,False
907224,48.0,0.0,1150.0,0.0,23.958333333333332,299.0,C,False,True,False,False
907440,6.0,0.0,143.0,0.0,23.833333333333332,167.0,A,False,True,False,False
907442,0.0,0.0,0.0,0.0,0.0,89.0,A,False,False,False,False
907502,242.0,2.0,4855.0,0.008264462809917356,20.06198347107438,0.0,A,True,False,True,False
907504,5.0,0.0,109.0,0.0,21.8,25.0,B,False,True,True,False
907618,1.0,0.0,35.0,0.0,35.0,0.0,C,False,True,True,False
907952,51.0,0.0,1047.0,0.0,20.529411764705884,179.0,B,False,False,False,False
907964,17.0,0.0,274.0,0.0,16.11764705882353,60.0,B,False,False,False,False
907970,16.0,0.0,283.0,0.0,17.6875,166.0,B,False,False,False,False
907972,5.0,0.0,57.0,0.0,11.4,8.0,B,False,False,True,False
907974,3.0,0.0,29.0,0.0,9.666666666666666,0.0,B,False,False,True,False
907982,66.0,1.0,1428.0,0.015151515151515152,21.636363636363637,87.0,B,True,True,False,True
907986,1.0,0.0,20.0,0.0,20.0,447.0,B,False,False,False,False
907994,39.0,0.0,722.0,0.0,18.512820512820515,104.0,B,False,False,False,False
907998,0.0,0.0,0.0,0.0,0.0,2.0,B,False,False,True,False
908002,6.0,0.0,99.0,0.0,16.5,16.0,B,False,False,True,False
908078,42.0,0.0,694.0,0.0,16.523809523809526,56.0,C,False,False,True,False
908080,5.0,0.0,70.0,0.0,14.0,1.0,C,False,False,True,False
908082,27.0,0.0,279.0,0.0,10.333333333333334,20.0,C,False,False,True,False
908098,6.0,0.0,158.0,0.0,26.333333333333332,0.0,C,False,True,True,False
908130,3.0,0.0,85.0,0.0,28.333333333333332,0.0,C,False,True,True,False
908152,13.0,0.0,522.0,0.0,40.15384615384615,0.0,C,False,True,True,False
908162,3.0,0.0,159.0,0.0,53.0,0.0,C,False,True,True,False
908180,1.0,0.0,15.0,0.0,15.0,0.0,C,False,False,True,False
908300,3.0,0.0,169.0,0.0,56.333333333333336,0.0,C,False,True,True,False
908718,0.0,0.0,0.0,0.0,0.0,3.0,B,False,False,True,False
908834,23.0,0.0,781.0,0.0,33.95652173913044,1.0,A,False,True,True,False
908958,952.0,0.0,26062.0,0.0,27.376050420168067,107.0,A,False,True,False,False
908960,695.0,8.0,16264.0,0.011510791366906475,23.401438848920865,113.0,A,True,True,False,True
908984,0.0,0.0,0.0,0.0,0.0,8.0,B,False,False,True,False
909134,197.0,0.0,6939.0,0.0,35.223350253807105,5.0,C,False,True,True,False
909308,0.0,0.0,0.0,0.0,0.0,15.0,B,False,False,True,False
909392,5.0,0.0,130.0,0.0,26.0,0.0,C,False,True,True,False
909452,0.0,0.0,0.0,0.0,0.0,8.0,C,False,False,True,False
909502,0.0,0.0,0.0,0.0,0.0,786.0,C,False,False,False,False
909624,3.0,0.0,101.0,0.0,33.666666666666664,0.0,B,False,True,True,False
909768,14.0,0.0,588.0,0.0,42.0,0.0,C,False,True,True,False
909892,4.0,0.0,42.0,0.0,10.5,4.0,C,False,False,True,False
909894,1.0,0.0,13.0,0.0,13.0,0.0,C,False,False,True,False
909896,1.0,0.0,9.0,0.0,9.0,0.0,C,False,False,True,False
909910,0.0,0.0,0.0,0.0,0.0,318.0,C,False,False,False,False
910018,123.0,0.0,2912.0,0.0,23.67479674796748,0.0,C,False,True,True,False
910038,2.0,0.0,30.0,0.0,15.0,0.0,B,False,False,True,False
910044,19.0,0.0,282.0,0.0,14.842105263157896,0.0,B,False,False,True,False
910224,11.0,0.0,153.0,0.0,13.909090909090908,0.0,C,False,False,True,False
910226,8.0,0.0,132.0,0.0,16.5,0.0,B,False,False,True,False
910516,32.0,0.0,701.0,0.0,21.90625,0.0,C,False,True,True,False
910520,0.0,0.0,0.0,0.0,0.0,198.0,C,False,False,False,False
910524,0.0,0.0,0.0,0.0,0.0,85.0,C,False,False,False,False
910530,0.0,0.0,0.0,0.0,0.0,1061.0,C,False,False,False,False
910532,0.0,0.0,0.0,0.0,0.0,151.0,C,False,False,False,False
910540,154.0,1.0,3210.0,0.006493506493506494,20.844155844155843,0.0,C,False,True,True,False
910594,0.0,0.0,0.0,0.0,0.0,28.0,C,False,False,True,False
910902,0.0,0.0,0.0,0.0,0.0,15.0,C,False,False,True,False
910926,0.0,0.0,0.0,0.0,0.0,25.0,C,False,False,True,False
910958,13.0,0.0,709.0,0.0,54.53846153846154,0.0,A,False,True,True,False
911102,27.0,3.0,822.0,0.1111111111111111,30.444444444444443,0.0,C,True,True,True,True
911104,1.0,0.0,13.0,0.0,13.0,0.0,C,False,False,True,False
911136,211.0,1.0,4230.0,0.004739336492890996,20.04739336492891,0.0,C,False,False,True,False
911138,289.0,2.0,5690.0,0.006920415224913495,19.688581314878892,0.0,C,True,False,True,False
911140,70.0,2.0,1840.0,0.02857142857142857,26.285714285714285,0.0,C,True,True,True,True
911142,20.0,2.0,923.0,0.1,46.15,0.0,C,True,True,True,True
911152,2.0,0.0,43.0,0.0,21.5,0.0,C,False,True,True,False
911214,2.0,0.0,36.0,0.0,18.0,0.0,C,False,False,True,False
911310,401.0,3.0,5504.0,0.007481296758104738,13.72568578553616,95.0,C,True,False,False,False
912010,144.0,2.0,2597.0,0.013888888888888888,18.03472222222222,0.0,B,True,False,True,False
912252,39.0,0.0,604.0,0.0,15.487179487179487,224.0,B,False,False,False,False
912296,173.0,3.0,2001.0,0.017341040462427744,11.566473988439306,483.0,A,True,False,False,False
912684,27.0,0.0,958.0,0.0,35.48148148148148,0.0,C,False,True,True,False
912722,153.0,0.0,934.0,0.0,6.104575163398692,385.0,B,False,False,False,False
913474,2.0,0.0,74.0,0.0,37.0,8.0,A,False,True,True,False
913780,5.0,0.0,89.0,0.0,17.8,0.0,C,False,False,True,False
913788,793.0,2.0,12673.0,0.0025220680958385876,15.98108448928121,963.0,C,False,False,False,False
913868,19.0,0.0,48.0,0.0,2.526315789473684,18.0,A,False,False,True,False
913886,2.0,0.0,27.0,0.0,13.5,0.0,B,False,False,True,False
913938,4766.0,13.0,40577.0,0.002727654217373059,8.513848090642048,408.0,B,False,False,False,False
913942,2467.0,11.0,29573.0,0.0044588569112282124,11.987434130522903,440.0,B,False,False,False,False
913984,1.0,0.0,17.0,0.0,17.0,6.0,B,False,False,True,False
914036,0.0,0.0,0.0,0.0,0.0,18.0,C,False,False,True,False
914050,12.0,0.0,102.0,0.0,8.5,387.0,B,False,False,False,False
914052,0.0,0.0,0.0,0.0,0.0,1368.0,B,False,False,False,False
914168,1.0,0.0,11.0,0.0,11.0,10.0,B,False,False,True,False
914170,12.0,0.0,143.0,0.0,11.916666666666666,4.0,B,False,False,True,False
914172,6.0,0.0,69.0,0.0,11.5,0.0,B,False,False,True,False
914238,0.0,0.0,0.0,0.0,0.0,335.0,C,False,False,False,False
914240,0.0,0.0,0.0,0.0,0.0,46.0,B,False,False,True,False
914256,24.0,0.0,368.0,0.0,15.333333333333334,1.0,B,False,False,True,False
914266,0.0,0.0,0.0,0.0,0.0,5.0,B,False,False,True,False
914272,0.0,0.0,0.0,0.0,0.0,1.0,B,False,False,True,False
914338,0.0,0.0,0.0,0.0,0.0,48.0,C,False,False,True,False
914348,0.0,0.0,0.0,0.0,0.0,6.0,C,False,False,True,False
914426,3.0,0.0,69.0,0.0,23.0,4.0,A,False,True,True,False
914440,30.0,1.0,573.0,0.03333333333333333,19.1,1.0,C,True,False,True,False
914626,0.0,0.0,0.0,0.0,0.0,1.0,B,False,False,True,False
914630,19.0,0.0,238.0,0.0,12.526315789473685,136.0,B,False,False,False,False
914636,3.0,0.0,28.0,0.0,9.333333333333334,15.0,B,False,False,True,False
914816,0.0,0.0,0.0,0.0,0.0,7.0,B,False,False,True,False
914842,6.0,0.0,113.0,0.0,18.833333333333332,0.0,B,False,False,True,False
914848,2.0,0.0,37.0,0.0,18.5,15.0,A,False,False,True,False
914870,5.0,0.0,84.0,0.0,16.8,4.0,A,False,False,True,False
915358,0.0,0.0,0.0,0.0,0.0,253.0,B,False,False,False,False
915360,0.0,0.0,0.0,0.0,0.0,271.0,B,False,False,False,False
915504,0.0,0.0,0.0,0.0,0.0,33.0,B,False,False,True,False
915556,185.0,3.0,1218.0,0.016216216216216217,6.583783783783784,2110.0,B,True,False,False,False
915558,0.0,0.0,0.0,0.0,0.0,161.0,B,False,False,False,False
915614,2.0,0.0,56.0,0.0,28.0,62.0,B,False,True,False,False
915958,11.0,0.0,223.0,0.0,20.272727272727273,19.0,A,False,False,True,False
916424,404.0,3.0,4160.0,0.007425742574257425,10.297029702970297,141.0,C,True,False,False,False
916596,0.0,0.0,0.0,0.0,0.0,30.0,B,False,False,True,False
916618,52.0,0.0,1062.0,0.0,20.423076923076923,105.0,C,False,False,False,False
917234,5.0,0.0,69.0,0.0,13.8,1174.0,B,False,False,False,False
917252,6.0,0.0,249.0,0.0,41.5,12.0,A,False,True,True,False
917378,2.0,0.0,25.0,0.0,12.5,14.0,A,False,False,True,False
917446,0.0,0.0,0.0,0.0,0.0,15.0,A,False,False,True,False
917680,2.0,0.0,200.0,0.0,100.0,43.0,A,False,True,True,False
917682,0.0,0.0,0.0,0.0,0.0,7.0,A,False,False,True,False
917846,3.0,0.0,25.0,0.0,8.333333333333334,32.0,C,False,False,True,False
917850,166.0,1.0,2815.0,0.006024096385542169,16.957831325301203,162.0,C,False,False,False,False
917852,375.0,1.0,7134.0,0.0026666666666666666,19.024,1017.0,C,False,False,False,False
917856,3.0,0.0,33.0,0.0,11.0,74.0,C,False,False,False,False
917858,1.0,0.0,14.0,0.0,14.0,2.0,C,False,False,True,False
917876,8.0,0.0,108.0,0.0,13.5,2.0,C,False,False,True,False
917890,0.0,0.0,0.0,0.0,0.0,1.0,B,False,False,True,False
918390,0.0,0.0,0.0,0.0,0.0,246.0,C,False,False,False,False
918436,34.0,1.0,632.0,0.029411764705882353,18.58823529411765,728.0,A,True,False,False,False
918452,0.0,0.0,0.0,0.0,0.0,313.0,B,False,False,False,False
918888,8.0,1.0,75.0,0.125,9.375,3.0,B,True,False,True,False
918956,2.0,0.0,69.0,0.0,34.5,17.0,A,False,True,True,False
918958,1.0,0.0,37.0,0.0,37.0,8.0,A,False,True,True,False
918978,744.0,4.0,7345.0,0.005376344086021506,9.87231182795699,1239.0,B,False,False,False,False
918986,566.0,0.0,5485.0,0.0,9.690812720848056,1397.0,B,False,False,False,False
918988,1.0,0.0,13.0,0.0,13.0,1.0,B,False,False,True,False
919126,0.0,0.0,0.0,0.0,0.0,291.0,C,False,False,False,False
919128,0.0,0.0,0.0,0.0,0.0,388.0,C,False,False,False,False
919162,0.0,0.0,0.0,0.0,0.0,2757.0,A,False,False,False,False
919164,648.0,2.0,4023.0,0.0030864197530864196,6.208333333333333,10.0,A,False,False,True,False
919166,993.0,2.0,5624.0,0.002014098690835851,5.663645518630413,20.0,A,False,False,True,False
919188,0.0,0.0,0.0,0.0,0.0,831.0,A,False,False,False,False
919190,2.0,0.0,22.0,0.0,11.0,83.0,A,False,False,False,False
919192,0.0,0.0,0.0,0.0,0.0,2158.0,A,False,False,False,False
919194,0.0,0.0,0.0,0.0,0.0,1295.0,A,False,False,False,False
919196,0.0,0.0,0.0,0.0,0.0,2713.0,A,False,False,False,False
919198,0.0,0.0,0.0,0.0,0.0,1066.0,A,False,False,False,False
919200,0.0,0.0,0.0,0.0,0.0,1242.0,A,False,False,False,False
919202,0.0,0.0,0.0,0.0,0.0,2433.0,A,False,False,False,False
919204,1167.0,8.0,9366.0,0.006855184233076264,8.025706940874036,9.0,A,True,False,True,False
919206,926.0,4.0,7373.0,0.004319654427645789,7.962203023758099,1.0,A,False,False,True,False
919214,18.0,0.0,511.0,0.0,28.38888888888889,1.0,B,False,True,True,False
919218,21.0,0.0,283.0,0.0,13.476190476190476,287.0,B,False,False,False,False
919302,0.0,0.0,0.0,0.0,0.0,2312.0,A,False,False,False,False
919306,0.0,0.0,0.0,0.0,0.0,1504.0,A,False,False,False,False
919310,0.0,0.0,0.0,0.0,0.0,2077.0,A,False,False,False,False
919314,0.0,0.0,0.0,0.0,0.0,2416.0,A,False,False,False,False
919318,0.0,0.0,0.0,0.0,0.0,1813.0,A,False,False,False,False
919362,0.0,0.0,0.0,0.0,0.0,2326.0,A,False,False,False,False
919364,0.0,0.0,0.0,0.0,0.0,4820.0,A,False,False,False,False
919370,0.0,0.0,0.0,0.0,0.0,1324.0,A,False,False,False,False
919372,0.0,0.0,0.0,0.0,0.0,1563.0,A,False,False,False,False
919374,0.0,0.0,0.0,0.0,0.0,2021.0,A,False,False,False,False
919376,0.0,0.0,0.0,0.0,0.0,1284.0,A,False,False,False,False
919378,0.0,0.0,0.0,0.0,0.0,1114.0,A,False,False,False,False
919382,0.0,0.0,0.0,0.0,0.0,1629.0,A,False,False,False,False
919390,0.0,0.0,0.0,0.0,0.0,721.0,A,False,False,False,False
919418,0.0,0.0,0.0,0.0,0.0,2.0,B,False,False,True,False
919456,0.0,0.0,0.0,0.0,0.0,1147.0,A,False,False,False,False
919464,0.0,0.0,0.0,0.0,0.0,1289.0,A,False,False,False,False
919476,0.0,0.0,0.0,0.0,0.0,1871.0,A,False,False,False,False
919482,0.0,0.0,0.0,0.0,0.0,1392.0,A,False,False,False,False
919490,0.0,0.0,0.0,0.0,0.0,1668.0,A,False,False,False,False
919504,0.0,0.0,0.0,0.0,0.0,1971.0,A,False,False,False,False
919536,2.0,0.0,18.0,0.0,9.0,8.0,B,False,False,True,False
919552,1089.0,0.0,37076.0,0.0,34.045913682277316,63.0,B,False,True,False,False
919554,1182.0,0.0,38240.0,0.0,32.35194585448392,11.0,B,False,True,True,False
919790,1578.0,0.0,52875.0,0.0,33.50760456273764,23.0,B,False,True,True,False
919792,750.0,1.0,22642.0,0.0013333333333333333,30.189333333333334,68.0,B,False,True,False,False
919794,1136.0,1.0,32236.0,0.0008802816901408451,28.37676056338028,21.0,B,False,True,True,False
919896,5.0,0.0,70.0,0.0,14.0,0.0,B,False,False,True,False
919906,0.0,0.0,0.0,0.0,0.0,1497.0,A,False,False,False,False
919910,0.0,0.0,0.0,0.0,0.0,327.0,A,False,False,False,False
919956,12.0,0.0,129.0,0.0,10.75,0.0,C,False,False,True,False
919958,2.0,0.0,35.0,0.0,17.5,0.0,C,False,False,True,False
919994,20.0,0.0,834.0,0.0,41.7,0.0,C,False,True,True,False
920146,0.0,0.0,0.0,0.0,0.0,84.0,B,False,False,False,False
920414,0.0,0.0,0.0,0.0,0.0,1266.0,A,False,False,False,False
920416,0.0,0.0,0.0,0.0,0.0,1576.0,A,False,False,False,False
920666,178.0,1.0,1628.0,0.0056179775280898875,9.146067415730338,264.0,C,False,False,False,False
920706,68.0,0.0,1626.0,0.0,23.91176470588235,140.0,B,False,True,False,False
920720,114.0,0.0,1775.0,0.0,15.570175438596491,200.0,B,False,False,False,False
920726,58.0,0.0,846.0,0.0,14.586206896551724,52.0,B,False,False,True,False
920728,201.0,4.0,3255.0,0.01990049751243781,16.19402985074627,99.0,B,True,False,False,False
920732,116.0,0.0,1652.0,0.0,14.241379310344827,157.0,B,False,False,False,False
920838,65.0,0.0,760.0,0.0,11.692307692307692,172.0,B,False,False,False,False
920852,192.0,2.0,2083.0,0.010416666666666666,10.848958333333334,277.0,B,True,False,False,False
920874,33.0,0.0,913.0,0.0,27.666666666666668,0.0,C,False,True,True,False
920902,48.0,1.0,2126.0,0.020833333333333332,44.291666666666664,17.0,B,True,True,True,True
920928,0.0,0.0,0.0,0.0,0.0,15.0,A,False,False,True,False
920930,1.0,0.0,62.0,0.0,62.0,0.0,A,False,True,True,False
920982,51.0,0.0,1302.0,0.0,25.529411764705884,0.0,B,False,True,True,False
921062,113.0,0.0,1253.0,0.0,11.08849557522124,6.0,B,False,False,True,False
921102,13.0,0.0,264.0,0.0,20.307692307692307,15.0,C,False,False,True,False
921104,6.0,0.0,123.0,0.0,20.5,9.0,C,False,False,True,False
921116,0.0,0.0,0.0,0.0,0.0,102.0,A,False,False,False,False
921306,398.0,4.0,8417.0,0.010050251256281407,21.14824120603015,542.0,C,True,True,False,True
921316,0.0,0.0,0.0,0.0,0.0,80.0,B,False,False,False,False
921318,2323.0,5.0,33848.0,0.002152389151958674,14.57081360309944,2560.0,C,False,False,False,False
921320,79.0,0.0,1801.0,0.0,22.79746835443038,269.0,C,False,True,False,False
921574,0.0,0.0,0.0,0.0,0.0,1506.0,A,False,False,False,False
921584,0.0,0.0,0.0,0.0,0.0,1266.0,A,False,False,False,False
921592,0.0,0.0,0.0,0.0,0.0,1602.0,A,False,False,False,False
921594,0.0,0.0,0.0,0.0,0.0,1078.0,A,False,False,False,False
921596,0.0,0.0,0.0,0.0,0.0,1270.0,A,False,False,False,False
921814,42.0,4.0,283.0,0.09523809523809523,6.738095238095238,43.0,C,True,False,True,False
921818,1808.0,7.0,19001.0,0.0038716814159292035,10.509402654867257,2106.0,C,False,False,False,False
922114,1.0,0.0,61.0,0.0,61.0,11.0,A,False,True,True,False
922142,0.0,0.0,0.0,0.0,0.0,733.0,B,False,False,False,False
922154,2.0,0.0,18.0,0.0,9.0,0.0,C,False,False,True,False
922356,18.0,0.0,472.0,0.0,26.22222222222222,0.0,B,False,True,True,False
922428,27.0,0.0,228.0,0.0,8.444444444444445,204.0,C,False,False,False,False
922474,63.0,0.0,507.0,0.0,8.047619047619047,211.0,C,False,False,False,False
922476,0.0,0.0,0.0,0.0,0.0,196.0,C,False,False,False,False
922486,1.0,0.0,8.0,0.0,8.0,5.0,C,False,False,True,False
922698,4.0,0.0,43.0,0.0,10.75,12.0,C,False,False,True,False
922710,0.0,0.0,0.0,0.0,0.0,1590.0,A,False,False,False,False
923250,0.0,0.0,0.0,0.0,0.0,148.0,C,False,False,False,False
923254,1.0,0.0,45.0,0.0,45.0,9.0,C,False,True,True,False
923526,901.0,2.0,7000.0,0.0022197558268590455,7.769145394006659,1832.0,C,False,False,False,False
923528,119.0,2.0,2877.0,0.01680672268907563,24.176470588235293,638.0,C,True,True,False,True
923646,1.0,0.0,19.0,0.0,19.0,0.0,C,False,False,True,False
923666,0.0,0.0,0.0,0.0,0.0,1805.0,A,False,False,False,False
923744,1.0,0.0,5.0,0.0,5.0,0.0,C,False,False,True,False
923944,41.0,0.0,482.0,0.0,11.75609756097561,0.0,C,False,False,True,False
924356,0.0,0.0,0.0,0.0,0.0,262.0,B,False,False,False,False
924370,0.0,0.0,0.0,0.0,0.0,14.0,B,False,False,True,False
924544,104.0,0.0,686.0,0.0,6.596153846153846,13.0,C,False,False,True,False
924546,44.0,1.0,701.0,0.022727272727272728,15.931818181818182,71.0,C,True,False,False,False
924572,0.0,0.0,0.0,0.0,0.0,1.0,C,False,False,True,False
924614,6.0,0.0,37.0,0.0,6.166666666666667,16.0,C,False,False,True,False
924662,1.0,0.0,20.0,0.0,20.0,0.0,B,False,False,True,False
924928,30.0,0.0,978.0,0.0,32.6,49.0,A,False,True,True,False
924930,21.0,1.0,460.0,0.047619047619047616,21.904761904761905,224.0,A,True,True,False,True
924932,3.0,0.0,54.0,0.0,18.0,28.0,A,False,False,True,False
924934,5.0,0.0,192.0,0.0,38.4,569.0,A,False,True,False,False
924936,8.0,2.0,154.0,0.25,19.25,0.0,A,True,False,True,False
924940,8.0,0.0,164.0,0.0,20.5,193.0,A,False,False,False,False
924946,7.0,0.0,215.0,0.0,30.714285714285715,41.0,A,False,True,True,False
924948,15.0,1.0,272.0,0.06666666666666667,18.133333333333333,238.0,A,True,False,False,False
924950,25.0,0.0,590.0,0.0,23.6,287.0,A,False,True,False,False
924952,22.0,0.0,467.0,0.0,21.227272727272727,90.0,A,False,True,False,False
924954,19.0,1.0,604.0,0.05263157894736842,31.789473684210527,118.0,A,True,True,False,False
924956,32.0,0.0,622.0,0.0,19.4375,62.0,A,False,False,False,False
924958,29.0,0.0,374.0,0.0,12.89655172413793,215.0,A,False,False,False,False
924960,54.0,1.0,1180.0,0.018518518518518517,21.85185185185185,230.0,A,True,True,False,True
925104,873.0,0.0,6503.0,0.0,7.449026345933563,1183.0,A,False,False,False,False
925106,21.0,0.0,566.0,0.0,26.952380952380953,0.0,B,False,True,True,False
925134,0.0,0.0,0.0,0.0,0.0,44.0,A,False,False,True,False
925808,11.0,0.0,209.0,0.0,19.0,0.0,B,False,False,True,False
925826,157.0,0.0,1090.0,0.0,6.942675159235669,510.0,B,False,False,False,False
925828,160.0,0.0,1000.0,0.0,6.25,429.0,B,False,False,False,False
926184,36.0,0.0,387.0,0.0,10.75,31.0,C,False,False,True,False
926214,3.0,0.0,27.0,0.0,9.0,0.0,C,False,False,True,False
926312,10.0,0.0,135.0,0.0,13.5,130.0,A,False,False,False,False
926486,14.0,0.0,118.0,0.0,8.428571428571429,2280.0,C,False,False,False,False
926490,11.0,1.0,246.0,0.09090909090909091,22.363636363636363,133.0,B,True,True,False,False
926872,24.0,3.0,19.0,0.125,0.7916666666666666,7.0,C,True,False,True,False
927070,32.0,0.0,1415.0,0.0,44.21875,0.0,A,False,True,True,False
927142,4.0,0.0,15.0,0.0,3.75,3.0,C,False,False,True,False
927908,5.0,0.0,13.0,0.0,2.6,0.0,C,False,False,True,False
927910,23.0,1.0,59.0,0.043478260869565216,2.5652173913043477,0.0,C,True,False,True,False
927912,17.0,1.0,46.0,0.058823529411764705,2.7058823529411766,0.0,C,True,False,True,False
927916,134.0,0.0,275.0,0.0,2.0522388059701493,426.0,C,False,False,False,False
928022,4.0,0.0,62.0,0.0,15.5,0.0,C,False,False,True,False
928092,5.0,0.0,236.0,0.0,47.2,0.0,C,False,True,True,False
928142,7.0,0.0,96.0,0.0,13.714285714285714,0.0,B,False,False,True,False
928202,25.0,0.0,371.0,0.0,14.84,0.0,B,False,False,True,False
928228,0.0,0.0,0.0,0.0,0.0,47.0,A,False,False,True,False
928282,0.0,0.0,0.0,0.0,0.0,2.0,A,False,False,True,False
928284,0.0,0.0,0.0,0.0,0.0,2.0,A,False,False,True,False
928312,18.0,0.0,261.0,0.0,14.5,1851.0,C,False,False,False,False
928382,9.0,1.0,27.0,0.1111111111111111,3.0,9.0,B,True,False,True,False
928404,5.0,0.0,77.0,0.0,15.4,0.0,C,False,False,True,False
928518,0.0,0.0,0.0,0.0,0.0,312.0,A,False,False,False,False
928886,53.0,0.0,454.0,0.0,8.566037735849056,681.0,C,False,False,False,False
928888,314.0,1.0,2524.0,0.0031847133757961785,8.038216560509554,553.0,C,False,False,False,False
928926,1.0,0.0,5.0,0.0,5.0,15.0,C,False,False,True,False
929228,1.0,0.0,24.0,0.0,24.0,87.0,B,False,True,False,False
929332,36.0,0.0,536.0,0.0,14.88888888888889,0.0,C,False,False,True,False
929340,8.0,0.0,349.0,0.0,43.625,0.0,C,False,True,True,False
929426,0.0,0.0,0.0,0.0,0.0,11189.0,C,False,False,False,False
929542,0.0,0.0,0.0,0.0,0.0,2.0,B,False,False,True,False
929544,0.0,0.0,0.0,0.0,0.0,66.0,B,False,False,False,False
929622,12.0,0.0,162.0,0.0,13.5,4.0,C,False,False,True,False
929626,35.0,0.0,438.0,0.0,12.514285714285714,20.0,C,False,False,True,False
929876,36.0,1.0,492.0,0.027777777777777776,13.666666666666666,78.0,A,True,False,False,False
929884,31.0,0.0,490.0,0.0,15.806451612903226,25.0,A,False,False,True,False
930020,85.0,4.0,703.0,0.047058823529411764,8.270588235294118,555.0,C,True,False,False,False
930186,5.0,0.0,27.0,0.0,5.4,53.0,B,False,False,True,False
930242,4.0,1.0,69.0,0.25,17.25,0.0,B,True,False,True,False
930264,4.0,0.0,39.0,0.0,9.75,0.0,C,False,False,True,False
930326,10.0,0.0,117.0,0.0,11.7,1.0,C,False,False,True,False
930510,2.0,0.0,44.0,0.0,22.0,2.0,C,False,True,True,False
930524,0.0,0.0,0.0,0.0,0.0,28.0,C,False,False,True,False
930582,1.0,0.0,16.0,0.0,16.0,0.0,B,False,False,True,False
930586,0.0,0.0,0.0,0.0,0.0,224.0,B,False,False,False,False
930590,0.0,0.0,0.0,0.0,0.0,62.0,B,False,False,False,False
930594,2.0,0.0,21.0,0.0,10.5,53.0,B,False,False,True,False
930660,4.0,0.0,26.0,0.0,6.5,19.0,B,False,False,True,False
930662,0.0,0.0,0.0,0.0,0.0,23.0,B,False,False,True,False
930690,2.0,0.0,13.0,0.0,6.5,4.0,C,False,False,True,False
930692,0.0,0.0,0.0,0.0,0.0,6.0,C,False,False,True,False
930814,11.0,0.0,175.0,0.0,15.909090909090908,3.0,B,False,False,True,False
930816,4.0,0.0,51.0,0.0,12.75,1.0,B,False,False,True,False
930818,3.0,0.0,41.0,0.0,13.666666666666666,0.0,B,False,False,True,False
930820,5.0,0.0,71.0,0.0,14.2,1.0,B,False,False,True,False
930908,34.0,0.0,194.0,0.0,5.705882352941177,40.0,B,False,False,True,False
930910,1.0,0.0,5.0,0.0,5.0,12.0,B,False,False,True,False
930912,0.0,0.0,0.0,0.0,0.0,215.0,B,False,False,False,False
930914,0.0,0.0,0.0,0.0,0.0,314.0,B,False,False,False,False
931458,2078.0,10.0,35462.0,0.004812319538017324,17.065447545717035,2363.0,C,False,False,False,False
931914,31.0,0.0,510.0,0.0,16.451612903225808,0.0,C,False,False,True,False
932050,0.0,0.0,0.0,0.0,0.0,145.0,B,False,False,False,False
932088,0.0,0.0,0.0,0.0,0.0,12.0,B,False,False,True,False
932246,0.0,0.0,0.0,0.0,0.0,1.0,B,False,False,True,False
932292,6.0,0.0,88.0,0.0,14.666666666666666,97.0,B,False,False,False,False
932304,2.0,0.0,40.0,0.0,20.0,44.0,B,False,False,True,False
932460,25.0,1.0,418.0,0.04,16.72,0.0,B,True,False,True,False
932498,1.0,0.0,11.0,0.0,11.0,274.0,B,False,False,False,False
932500,8.0,0.0,144.0,0.0,18.0,1167.0,B,False,False,False,False
932502,4.0,0.0,63.0,0.0,15.75,755.0,B,False,False,False,False
932672,7.0,0.0,10.0,0.0,1.4285714285714286,0.0,C,False,False,True,False
932676,0.0,0.0,0.0,0.0,0.0,4.0,C,False,False,True,False
932750,12.0,0.0,115.0,0.0,9.583333333333334,17.0,B,False,False,True,False
932754,2.0,0.0,11.0,0.0,5.5,3.0,B,False,False,True,False
932798,98.0,1.0,961.0,0.01020408163265306,9.806122448979592,10.0,C,True,False,True,False
932836,21.0,0.0,270.0,0.0,12.857142857142858,305.0,A,False,False,False,False
932856,0.0,0.0,0.0,0.0,0.0,4.0,A,False,False,True,False
933070,67.0,1.0,436.0,0.014925373134328358,6.507462686567164,782.0,B,True,False,False,False
933244,2.0,0.0,18.0,0.0,9.0,84.0,B,False,False,False,False
933452,0.0,0.0,0.0,0.0,0.0,4.0,C,False,False,True,False
933804,25.0,0.0,346.0,0.0,13.84,0.0,B,False,False,True,False
933806,0.0,0.0,0.0,0.0,0.0,336.0,B,False,False,False,False
933810,0.0,0.0,0.0,0.0,0.0,107.0,B,False,False,False,False
933832,23.0,0.0,590.0,0.0,25.652173913043477,0.0,C,False,True,True,False
933986,14.0,0.0,184.0,0.0,13.142857142857142,10.0,C,False,False,True,False
933996,4.0,0.0,102.0,0.0,25.5,11.0,C,False,True,True,False
934000,8.0,0.0,122.0,0.0,15.25,2.0,C,False,False,True,False
934074,37.0,0.0,534.0,0.0,14.432432432432432,0.0,C,False,False,True,False
934076,11.0,1.0,311.0,0.09090909090909091,28.272727272727273,0.0,C,True,True,True,False
934098,6.0,2.0,159.0,0.3333333333333333,26.5,0.0,C,True,True,True,False
934170,8.0,0.0,82.0,0.0,10.25,0.0,C,False,False,True,False
934188,6.0,0.0,104.0,0.0,17.333333333333332,2.0,B,False,False,True,False
934424,6.0,0.0,164.0,0.0,27.333333333333332,0.0,C,False,True,True,False
934426,0.0,0.0,0.0,0.0,0.0,222.0,A,False,False,False,False
934428,36.0,0.0,850.0,0.0,23.61111111111111,0.0,C,False,True,True,False
934430,28.0,1.0,774.0,0.03571428571428571,27.642857142857142,0.0,C,True,True,True,True
934432,8.0,0.0,287.0,0.0,35.875,0.0,C,False,True,True,False
934476,1.0,0.0,13.0,0.0,13.0,10.0,C,False,False,True,False
934534,127.0,2.0,2350.0,0.015748031496062992,18.503937007874015,0.0,B,True,False,True,False
934608,9.0,0.0,120.0,0.0,13.333333333333334,0.0,B,False,False,True,False
935216,2.0,0.0,10.0,0.0,5.0,33.0,C,False,False,True,False
935244,2.0,0.0,38.0,0.0,19.0,27.0,B,False,False,True,False
935246,0.0,0.0,0.0,0.0,0.0,4.0,B,False,False,True,False
935264,4.0,0.0,28.0,0.0,7.0,55.0,B,False,False,True,False
935268,5.0,0.0,48.0,0.0,9.6,0.0,B,False,False,True,False
935348,147.0,1.0,1136.0,0.006802721088435374,7.727891156462585,169.0,B,True,False,False,False
935394,1.0,0.0,7.0,0.0,7.0,0.0,B,False,False,True,False
935548,19.0,0.0,207.0,0.0,10.894736842105264,3.0,C,False,False,True,False
935870,8.0,0.0,103.0,0.0,12.875,0.0,C,False,False,True,False
935956,2.0,0.0,105.0,0.0,52.5,1.0,B,False,True,True,False
935958,35.0,1.0,779.0,0.02857142857142857,22.257142857142856,0.0,C,True,True,True,True
936110,156.0,0.0,2448.0,0.0,15.692307692307692,0.0,C,False,False,True,False
936296,0.0,0.0,0.0,0.0,0.0,4.0,B,False,False,True,False
936324,28.0,0.0,392.0,0.0,14.0,95.0,B,False,False,False,False
936382,1.0,0.0,39.0,0.0,39.0,390.0,B,False,True,False,False
936514,81.0,0.0,1530.0,0.0,18.88888888888889,0.0,B,False,False,True,False
936984,70.0,0.0,968.0,0.0,13.82857142857143,0.0,B,False,False,True,False
937156,0.0,0.0,0.0,0.0,0.0,65.0,B,False,False,False,False
937352,0.0,0.0,0.0,0.0,0.0,31.0,B,False,False,True,False
937362,5.0,0.0,253.0,0.0,50.6,5.0,B,False,True,True,False
937366,3.0,0.0,161.0,0.0,53.666666666666664,2.0,B,False,True,True,False
937368,22.0,1.0,531.0,0.045454545454545456,24.136363636363637,10.0,B,True,True,True,True
937370,1.0,0.0,7.0,0.0,7.0,5.0,B,False,False,True,False
937372,0.0,0.0,0.0,0.0,0.0,1171.0,B,False,False,False,False
937374,25.0,0.0,895.0,0.0,35.8,0.0,B,False,True,True,False
937422,0.0,0.0,0.0,0.0,0.0,36.0,C,False,False,True,False
937428,0.0,0.0,0.0,0.0,0.0,8.0,C,False,False,True,False
937430,0.0,0.0,0.0,0.0,0.0,33.0,C,False,False,True,False
937432,3.0,1.0,36.0,0.3333333333333333,12.0,19.0,C,True,False,True,False
937604,7.0,0.0,80.0,0.0,11.428571428571429,52.0,B,False,False,True,False
937650,0.0,0.0,0.0,0.0,0.0,91.0,A,False,False,False,False
937678,16.0,0.0,190.0,0.0,11.875,159.0,A,False,False,False,False
937708,190.0,0.0,2502.0,0.0,13.16842105263158,648.0,A,False,False,False,False
937710,0.0,0.0,0.0,0.0,0.0,1.0,A,False,False,True,False
937716,0.0,0.0,0.0,0.0,0.0,1.0,A,False,False,True,False
937720,0.0,0.0,0.0,0.0,0.0,1.0,A,False,False,True,False
937732,116.0,1.0,2046.0,0.008620689655172414,17.637931034482758,191.0,A,True,False,False,False
937736,284.0,2.0,3724.0,0.007042253521126761,13.112676056338028,1153.0,A,True,False,False,False
937742,16.0,0.0,260.0,0.0,16.25,3.0,A,False,False,True,False
937750,57.0,1.0,742.0,0.017543859649122806,13.017543859649123,46.0,A,True,False,True,False
937752,412.0,0.0,4498.0,0.0,10.91747572815534,1616.0,A,False,False,False,False
937760,292.0,0.0,3411.0,0.0,11.681506849315069,727.0,A,False,False,False,False
937762,96.0,0.0,1280.0,0.0,13.333333333333334,196.0,A,False,False,False,False
937770,0.0,0.0,0.0,0.0,0.0,1.0,A,False,False,True,False
937772,0.0,0.0,0.0,0.0,0.0,1.0,A,False,False,True,False
937774,140.0,0.0,959.0,0.0,6.85,138.0,A,False,False,False,False
937778,0.0,0.0,0.0,0.0,0.0,1.0,A,False,False,True,False
937780,160.0,1.0,1767.0,0.00625,11.04375,783.0,A,False,False,False,False
937782,25.0,0.0,334.0,0.0,13.36,26.0,A,False,False,True,False
937786,3.0,0.0,27.0,0.0,9.0,12.0,A,False,False,True,False
937788,125.0,0.0,1407.0,0.0,11.256,472.0,A,False,False,False,False
937808,127.0,1.0,1371.0,0.007874015748031496,10.795275590551181,811.0,A,True,False,False,False
937810,80.0,0.0,715.0,0.0,8.9375,274.0,A,False,False,False,False
937812,166.0,0.0,2258.0,0.0,13.602409638554217,187.0,A,False,False,False,False
937854,164.0,0.0,1506.0,0.0,9.182926829268293,553.0,A,False,False,False,False
937856,11.0,0.0,120.0,0.0,10.909090909090908,28.0,A,False,False,True,False
937860,224.0,1.0,1944.0,0.004464285714285714,8.678571428571429,1424.0,A,False,False,False,False
937862,122.0,0.0,1419.0,0.0,11.631147540983607,353.0,A,False,False,False,False
937864,48.0,0.0,495.0,0.0,10.3125,49.0,A,False,False,True,False
937868,63.0,1.0,693.0,0.015873015873015872,11.0,250.0,A,True,False,False,False
937870,0.0,0.0,0.0,0.0,0.0,13.0,A,False,False,True,False
937872,0.0,0.0,0.0,0.0,0.0,1.0,A,False,False,True,False
937874,19.0,1.0,172.0,0.05263157894736842,9.052631578947368,131.0,A,True,False,False,False
937880,7.0,0.0,65.0,0.0,9.285714285714286,0.0,A,False,False,True,False
937888,193.0,0.0,1588.0,0.0,8.2279792746114,972.0,A,False,False,False,False
937898,9.0,0.0,68.0,0.0,7.555555555555555,32.0,A,False,False,True,False
937900,0.0,0.0,0.0,0.0,0.0,4.0,A,False,False,True,False
937902,247.0,1.0,2921.0,0.004048582995951417,11.82591093117409,899.0,A,False,False,False,False
937956,773.0,23.0,1029.0,0.029754204398447608,1.3311772315653299,1.0,A,True,False,True,False
937958,292.0,8.0,2058.0,0.0273972602739726,7.0479452054794525,0.0,A,True,False,True,False
937960,204.0,2.0,2254.0,0.00980392156862745,11.049019607843137,0.0,A,True,False,True,False
937962,106.0,3.0,1832.0,0.02830188679245283,17.28301886792453,0.0,A,True,False,True,False
937966,243.0,2.0,2046.0,0.00823045267489712,8.419753086419753,819.0,A,True,False,False,False
937980,82.0,0.0,856.0,0.0,10.439024390243903,145.0,A,False,False,False,False
937984,24.0,0.0,228.0,0.0,9.5,39.0,A,False,False,True,False
937988,72.0,0.0,770.0,0.0,10.694444444444445,274.0,A,False,False,False,False
938022,14.0,0.0,151.0,0.0,10.785714285714286,265.0,B,False,False,False,False
938070,0.0,0.0,0.0,0.0,0.0,671.0,B,False,False,False,False
938072,0.0,0.0,0.0,0.0,0.0,472.0,B,False,False,False,False
938074,0.0,0.0,0.0,0.0,0.0,611.0,B,False,False,False,False
938078,0.0,0.0,0.0,0.0,0.0,750.0,B,False,False,False,False
938080,0.0,0.0,0.0,0.0,0.0,660.0,B,False,False,False,False
938414,93.0,2.0,2147.0,0.021505376344086023,23.086021505376344,46.0,C,True,True,True,True
938432,9.0,0.0,184.0,0.0,20.444444444444443,0.0,C,False,False,True,False
938612,64.0,0.0,342.0,0.0,5.34375,125.0,A,False,False,False,False
938614,33.0,1.0,205.0,0.030303030303030304,6.212121212121212,29.0,A,True,False,True,False
938842,0.0,0.0,0.0,0.0,0.0,90.0,B,False,False,False,False
938896,1058.0,3.0,8182.0,0.002835538752362949,7.733459357277883,2272.0,C,False,False,False,False
939212,8.0,0.0,149.0,0.0,18.625,9.0,C,False,False,True,False
939218,11.0,0.0,87.0,0.0,7.909090909090909,359.0,B,False,False,False,False
939222,34.0,0.0,412.0,0.0,12.117647058823529,873.0,B,False,False,False,False
939224,32.0,1.0,515.0,0.03125,16.09375,1341.0,B,True,False,False,False
939236,0.0,0.0,0.0,0.0,0.0,5.0,C,False,False,True,False
939370,482.0,2.0,9133.0,0.004149377593360996,18.948132780082986,491.0,B,False,False,False,False
939376,261.0,0.0,3707.0,0.0,14.203065134099617,1075.0,B,False,False,False,False
939470,19.0,0.0,257.0,0.0,13.526315789473685,729.0,B,False,False,False,False
939474,187.0,0.0,2717.0,0.0,14.529411764705882,561.0,B,False,False,False,False
939476,40.0,1.0,371.0,0.025,9.275,716.0,B,True,False,False,False
939478,19.0,0.0,537.0,0.0,28.263157894736842,105.0,B,False,True,False,False
939684,17.0,0.0,220.0,0.0,12.941176470588236,131.0,C,False,False,False,False
939698,2.0,0.0,26.0,0.0,13.0,1.0,C,False,False,True,False
939706,519.0,3.0,4780.0,0.005780346820809248,9.210019267822736,1023.0,C,False,False,False,False
939708,10.0,0.0,124.0,0.0,12.4,36.0,C,False,False,True,False
939716,8.0,0.0,40.0,0.0,5.0,16.0,A,False,False,True,False
939718,0.0,0.0,0.0,0.0,0.0,10.0,A,False,False,True,False
939736,0.0,0.0,0.0,0.0,0.0,19.0,C,False,False,True,False
939738,0.0,0.0,0.0,0.0,0.0,634.0,C,False,False,False,False
939762,808.0,0.0,13725.0,0.0,16.986386138613863,1878.0,C,False,False,False,False
939886,0.0,0.0,0.0,0.0,0.0,281.0,B,False,False,False,False
940430,64.0,0.0,61.0,0.0,0.953125,27.0,A,False,False,True,False
940432,139.0,0.0,1028.0,0.0,7.39568345323741,166.0,A,False,False,False,False
940434,126.0,0.0,623.0,0.0,4.944444444444445,133.0,A,False,False,False,False
940436,30.0,0.0,325.0,0.0,10.833333333333334,6.0,A,False,False,True,False
940438,62.0,0.0,338.0,0.0,5.451612903225806,374.0,A,False,False,False,False
940440,46.0,0.0,519.0,0.0,11.282608695652174,14.0,A,False,False,True,False
940442,196.0,3.0,134.0,0.015306122448979591,0.6836734693877551,297.0,A,True,False,False,False
940456,26.0,0.0,214.0,0.0,8.23076923076923,32.0,A,False,False,True,False
940458,23.0,0.0,717.0,0.0,31.17391304347826,66.0,A,False,True,False,False
940460,0.0,0.0,0.0,0.0,0.0,82.0,A,False,False,False,False
940474,0.0,0.0,0.0,0.0,0.0,26.0,A,False,False,True,False
940486,0.0,0.0,0.0,0.0,0.0,23.0,A,False,False,True,False
940508,2.0,0.0,83.0,0.0,41.5,0.0,A,False,True,True,False
940512,1.0,0.0,19.0,0.0,19.0,0.0,A,False,False,True,False
940514,1.0,0.0,11.0,0.0,11.0,0.0,A,False,False,True,False
940568,3.0,0.0,18.0,0.0,6.0,7.0,A,False,False,True,False
940588,2127.0,0.0,6616.0,0.0,3.1104842501175365,67.0,A,False,False,False,False
940596,1.0,0.0,4.0,0.0,4.0,406.0,A,False,False,False,False
940610,1.0,0.0,4.0,0.0,4.0,1.0,A,False,False,True,False
940614,145.0,0.0,471.0,0.0,3.2482758620689656,426.0,A,False,False,False,False
940616,578.0,3.0,3198.0,0.005190311418685121,5.532871972318339,2393.0,A,False,False,False,False
940622,677.0,1.0,3059.0,0.0014771048744460858,4.518463810930576,718.0,A,False,False,False,False
940624,572.0,0.0,3242.0,0.0,5.6678321678321675,1166.0,A,False,False,False,False
940630,1985.0,2.0,8132.0,0.0010075566750629723,4.096725440806045,127.0,A,False,False,False,False
940634,432.0,1.0,3346.0,0.0023148148148148147,7.74537037037037,1623.0,A,False,False,False,False
940652,414.0,0.0,1717.0,0.0,4.147342995169082,860.0,A,False,False,False,False
940658,862.0,6.0,4181.0,0.0069605568445475635,4.8503480278422275,1726.0,A,True,False,False,False
940772,2.0,0.0,9.0,0.0,4.5,0.0,A,False,False,True,False
940782,0.0,0.0,0.0,0.0,0.0,8.0,A,False,False,True,False
940788,0.0,0.0,0.0,0.0,0.0,11.0,A,False,False,True,False
940802,0.0,0.0,0.0,0.0,0.0,5.0,A,False,False,True,False
940814,0.0,0.0,0.0,0.0,0.0,2.0,A,False,False,True,False
940828,1.0,0.0,2.0,0.0,2.0,7.0,A,False,False,True,False
940842,0.0,0.0,0.0,0.0,0.0,2.0,A,False,False,True,False
940848,0.0,0.0,0.0,0.0,0.0,2.0,A,False,False,True,False
940952,141.0,0.0,1814.0,0.0,12.865248226950355,110.0,C,False,False,False,False
940968,18.0,0.0,313.0,0.0,17.38888888888889,0.0,B,False,False,True,False
941192,0.0,0.0,0.0,0.0,0.0,1139.0,B,False,False,False,False
941384,48.0,0.0,555.0,0.0,11.5625,655.0,A,False,False,False,False
941390,1.0,0.0,5.0,0.0,5.0,369.0,C,False,False,False,False
941628,1.0,0.0,19.0,0.0,19.0,147.0,B,False,False,False,False
941736,0.0,0.0,0.0,0.0,0.0,10.0,C,False,False,True,False
941740,0.0,0.0,0.0,0.0,0.0,8.0,C,False,False,True,False
941786,3.0,0.0,39.0,0.0,13.0,0.0,C,False,False,True,False
941810,0.0,0.0,0.0,0.0,0.0,4.0,C,False,False,True,False
941816,0.0,0.0,0.0,0.0,0.0,1.0,C,False,False,True,False
941826,0.0,0.0,0.0,0.0,0.0,1.0,C,False,False,True,False
941838,0.0,0.0,0.0,0.0,0.0,9.0,B,False,False,True,False
941842,0.0,0.0,0.0,0.0,0.0,3.0,B,False,False,True,False
941844,7.0,1.0,117.0,0.14285714285714285,16.714285714285715,11.0,B,True,False,True,False
942174,0.0,0.0,0.0,0.0,0.0,6.0,C,False,False,True,False
942214,2.0,0.0,21.0,0.0,10.5,0.0,B,False,False,True,False
943050,0.0,0.0,0.0,0.0,0.0,73.0,B,False,False,False,False
943066,89.0,0.0,1181.0,0.0,13.269662921348315,171.0,B,False,False,False,False
943818,1.0,0.0,5.0,0.0,5.0,22.0,B,False,False,True,False
944210,114.0,0.0,4175.0,0.0,36.62280701754386,46.0,B,False,True,True,False
944216,235.0,16.0,8368.0,0.06808510638297872,35.60851063829787,133.0,B,True,True,False,True
944218,245.0,14.0,8996.0,0.05714285714285714,36.71836734693878,164.0,B,True,True,False,True
944220,265.0,17.0,9558.0,0.06415094339622641,36.06792452830189,221.0,B,True,True,False,True
944222,185.0,15.0,6267.0,0.08108108108108109,33.87567567567567,344.0,B,True,True,False,True
944226,180.0,28.0,7679.0,0.15555555555555556,42.66111111111111,109.0,B,True,True,False,True
944228,29.0,0.0,1413.0,0.0,48.724137931034484,5.0,B,False,True,True,False
944246,9.0,0.0,333.0,0.0,37.0,1.0,B,False,True,True,False
944310,3.0,0.0,15.0,0.0,5.0,0.0,A,False,False,True,False
944474,6.0,0.0,150.0,0.0,25.0,12.0,C,False,True,True,False
944476,189.0,0.0,2544.0,0.0,13.46031746031746,16.0,C,False,False,True,False
944560,5.0,0.0,89.0,0.0,17.8,1.0,B,False,False,True,False
944564,2.0,0.0,28.0,0.0,14.0,0.0,C,False,False,True,False
944644,26.0,0.0,635.0,0.0,24.423076923076923,145.0,C,False,True,False,False
944646,219.0,1.0,2055.0,0.0045662100456621,9.383561643835616,333.0,C,False,False,False,False
944648,5.0,0.0,198.0,0.0,39.6,41.0,C,False,True,True,False
944764,355.0,2.0,2473.0,0.005633802816901409,6.966197183098592,256.0,C,False,False,False,False
944766,152.0,0.0,1374.0,0.0,9.039473684210526,140.0,C,False,False,False,False
944808,229.0,0.0,525.0,0.0,2.2925764192139737,0.0,B,False,False,True,False
944908,2.0,0.0,27.0,0.0,13.5,0.0,C,False,False,True,False
945046,60.0,2.0,1065.0,0.03333333333333333,17.75,29.0,B,True,False,True,False
945052,59.0,0.0,746.0,0.0,12.64406779661017,16.0,B,False,False,True,False
945058,4.0,0.0,75.0,0.0,18.75,1.0,B,False,False,True,False
945074,0.0,0.0,0.0,0.0,0.0,3.0,A,False,False,True,False
945274,0.0,0.0,0.0,0.0,0.0,1.0,A,False,False,True,False
945280,0.0,0.0,0.0,0.0,0.0,2399.0,A,False,False,False,False
945282,0.0,0.0,0.0,0.0,0.0,2309.0,A,False,False,False,False
945284,0.0,0.0,0.0,0.0,0.0,2071.0,A,False,False,False,False
945286,0.0,0.0,0.0,0.0,0.0,6880.0,A,False,False,False,False
945288,0.0,0.0,0.0,0.0,0.0,2209.0,A,False,False,False,False
945290,0.0,0.0,0.0,0.0,0.0,3373.0,A,False,False,False,False
945294,0.0,0.0,0.0,0.0,0.0,3368.0,A,False,False,False,False
945296,0.0,0.0,0.0,0.0,0.0,2434.0,A,False,False,False,False
945298,0.0,0.0,0.0,0.0,0.0,1313.0,A,False,False,False,False
945302,0.0,0.0,0.0,0.0,0.0,6138.0,A,False,False,False,False
945304,0.0,0.0,0.0,0.0,0.0,2576.0,A,False,False,False,False
945308,0.0,0.0,0.0,0.0,0.0,1584.0,A,False,False,False,False
945310,0.0,0.0,0.0,0.0,0.0,3311.0,A,False,False,False,False
945312,0.0,0.0,0.0,0.0,0.0,2146.0,A,False,False,False,False
945314,0.0,0.0,0.0,0.0,0.0,1763.0,A,False,False,False,False
945316,0.0,0.0,0.0,0.0,0.0,2575.0,A,False,False,False,False
945318,0.0,0.0,0.0,0.0,0.0,1839.0,A,False,False,False,False
945320,0.0,0.0,0.0,0.0,0.0,2177.0,A,False,False,False,False
945322,0.0,0.0,0.0,0.0,0.0,4775.0,A,False,False,False,False
945324,0.0,0.0,0.0,0.0,0.0,2226.0,A,False,False,False,False
945710,1.0,0.0,17.0,0.0,17.0,0.0,B,False,False,True,False
945728,0.0,0.0,0.0,0.0,0.0,87.0,B,False,False,False,False
945894,0.0,0.0,0.0,0.0,0.0,1464.0,B,False,False,False,False
945898,0.0,0.0,0.0,0.0,0.0,3.0,B,False,False,True,False
945900,0.0,0.0,0.0,0.0,0.0,4210.0,B,False,False,False,False
945902,0.0,0.0,0.0,0.0,0.0,2835.0,B,False,False,False,False
945904,0.0,0.0,0.0,0.0,0.0,3813.0,B,False,False,False,False
946020,1.0,0.0,3.0,0.0,3.0,0.0,B,False,False,True,False
946032,1.0,0.0,8.0,0.0,8.0,0.0,B,False,False,True,False
946072,1.0,0.0,6.0,0.0,6.0,1.0,A,False,False,True,False
946454,0.0,0.0,0.0,0.0,0.0,13.0,B,False,False,True,False
946468,1.0,0.0,25.0,0.0,25.0,0.0,B,False,True,True,False
946582,44.0,0.0,80.0,0.0,1.8181818181818181,27.0,B,False,False,True,False
946916,32.0,0.0,462.0,0.0,14.4375,0.0,B,False,False,True,False
946988,3.0,0.0,30.0,0.0,10.0,5.0,C,False,False,True,False
947304,35.0,0.0,208.0,0.0,5.942857142857143,645.0,C,False,False,False,False
947306,1.0,0.0,10.0,0.0,10.0,0.0,C,False,False,True,False
947480,0.0,0.0,0.0,0.0,0.0,5.0,C,False,False,True,False
947590,0.0,0.0,0.0,0.0,0.0,166.0,A,False,False,False,False
947592,0.0,0.0,0.0,0.0,0.0,803.0,A,False,False,False,False
947596,0.0,0.0,0.0,0.0,0.0,1.0,A,False,False,True,False
947598,0.0,0.0,0.0,0.0,0.0,412.0,A,False,False,False,False
947600,0.0,0.0,0.0,0.0,0.0,303.0,A,False,False,False,False
947604,1.0,0.0,14.0,0.0,14.0,912.0,A,False,False,False,False
947610,2.0,0.0,19.0,0.0,9.5,19.0,A,False,False,True,False
947612,1.0,0.0,18.0,0.0,18.0,107.0,A,False,False,False,False
947614,0.0,0.0,0.0,0.0,0.0,995.0,A,False,False,False,False
947616,0.0,0.0,0.0,0.0,0.0,1967.0,A,False,False,False,False
947618,0.0,0.0,0.0,0.0,0.0,1076.0,A,False,False,False,False
947620,0.0,0.0,0.0,0.0,0.0,1158.0,A,False,False,False,False
947636,0.0,0.0,0.0,0.0,0.0,102.0,A,False,False,False,False
947638,2.0,0.0,27.0,0.0,13.5,1165.0,A,False,False,False,False
947640,0.0,0.0,0.0,0.0,0.0,418.0,A,False,False,False,False
947642,1.0,0.0,14.0,0.0,14.0,901.0,A,False,False,False,False
947644,0.0,0.0,0.0,0.0,0.0,446.0,A,False,False,False,False
947646,0.0,0.0,0.0,0.0,0.0,1893.0,A,False,False,False,False
947648,0.0,0.0,0.0,0.0,0.0,2813.0,A,False,False,False,False
947650,0.0,0.0,0.0,0.0,0.0,1603.0,A,False,False,False,False
947652,0.0,0.0,0.0,0.0,0.0,515.0,A,False,False,False,False
947654,0.0,0.0,0.0,0.0,0.0,2257.0,A,False,False,False,False
947658,0.0,0.0,0.0,0.0,0.0,2668.0,A,False,False,False,False
947816,11.0,0.0,220.0,0.0,20.0,29.0,A,False,False,True,False
947818,12.0,0.0,137.0,0.0,11.416666666666666,33.0,A,False,False,True,False
947820,0.0,0.0,0.0,0.0,0.0,9.0,A,False,False,True,False
948150,24.0,0.0,254.0,0.0,10.583333333333334,9.0,A,False,False,True,False
948170,2.0,0.0,30.0,0.0,15.0,3.0,A,False,False,True,False
948182,111.0,0.0,1413.0,0.0,12.72972972972973,452.0,C,False,False,False,False
948282,1.0,0.0,1.0,0.0,1.0,0.0,A,False,False,True,False
948284,4.0,0.0,107.0,0.0,26.75,0.0,A,False,True,True,False
948286,319.0,9.0,5004.0,0.02821316614420063,15.68652037617555,0.0,A,True,False,True,False
948288,22.0,1.0,296.0,0.045454545454545456,13.454545454545455,0.0,A,True,False,True,False
948524,4.0,0.0,22.0,0.0,5.5,0.0,C,False,False,True,False
948756,1.0,0.0,8.0,0.0,8.0,170.0,C,False,False,False,False
948758,18.0,1.0,459.0,0.05555555555555555,25.5,518.0,C,True,True,False,False
949252,3.0,0.0,40.0,0.0,13.333333333333334,0.0,C,False,False,True,False
949420,5.0,0.0,4.0,0.0,0.8,1.0,C,False,False,True,False
950444,0.0,0.0,0.0,0.0,0.0,86.0,B,False,False,False,False
950632,1.0,0.0,13.0,0.0,13.0,0.0,C,False,False,True,False
950634,9.0,0.0,110.0,0.0,12.222222222222221,0.0,C,False,False,True,False
950640,1.0,0.0,9.0,0.0,9.0,0.0,C,False,False,True,False
950672,1.0,0.0,13.0,0.0,13.0,53.0,A,False,False,True,False
950806,6.0,0.0,67.0,0.0,11.166666666666666,3.0,A,False,False,True,False
950972,4.0,0.0,117.0,0.0,29.25,816.0,A,False,True,False,False
951046,3.0,0.0,42.0,0.0,14.0,34.0,A,False,False,True,False
951118,4.0,0.0,130.0,0.0,32.5,0.0,B,False,True,True,False
951186,92.0,0.0,792.0,0.0,8.608695652173912,8.0,C,False,False,True,False
951290,1.0,0.0,17.0,0.0,17.0,20.0,B,False,False,True,False
951332,8.0,0.0,256.0,0.0,32.0,5.0,C,False,True,True,False
951408,0.0,0.0,0.0,0.0,0.0,30.0,C,False,False,True,False
951490,27.0,0.0,400.0,0.0,14.814814814814815,0.0,C,False,False,True,False
951492,28.0,0.0,646.0,0.0,23.071428571428573,157.0,A,False,True,False,False
951506,40.0,0.0,1612.0,0.0,40.3,197.0,A,False,True,False,False
951508,336.0,0.0,6366.0,0.0,18.946428571428573,146.0,A,False,False,False,False
951526,15.0,0.0,219.0,0.0,14.6,0.0,C,False,False,True,False
951614,5.0,0.0,70.0,0.0,14.0,0.0,C,False,False,True,False
951648,0.0,0.0,0.0,0.0,0.0,161.0,C,False,False,False,False
951650,1.0,0.0,45.0,0.0,45.0,10.0,C,False,True,True,False
952114,1.0,0.0,3.0,0.0,3.0,612.0,C,False,False,False,False
952116,0.0,0.0,0.0,0.0,0.0,354.0,C,False,False,False,False
952126,7.0,0.0,101.0,0.0,14.428571428571429,0.0,B,False,False,True,False
952196,2.0,0.0,24.0,0.0,12.0,2.0,B,False,False,True,False
952292,2.0,0.0,81.0,0.0,40.5,0.0,C,False,True,True,False
952392,0.0,0.0,0.0,0.0,0.0,1496.0,A,False,False,False,False
952458,0.0,0.0,0.0,0.0,0.0,1556.0,C,False,False,False,False
952460,0.0,0.0,0.0,0.0,0.0,177.0,C,False,False,False,False
952462,8.0,0.0,169.0,0.0,21.125,1.0,C,False,True,True,False
952466,0.0,0.0,0.0,0.0,0.0,88.0,C,False,False,False,False
952468,0.0,0.0,0.0,0.0,0.0,1127.0,C,False,False,False,False
952656,4.0,0.0,30.0,0.0,7.5,38.0,C,False,False,True,False
952666,1.0,0.0,15.0,0.0,15.0,0.0,C,False,False,True,False
952678,1.0,0.0,30.0,0.0,30.0,0.0,C,False,True,True,False
952734,409.0,0.0,452.0,0.0,1.1051344743276283,0.0,B,False,False,True,False
952914,78.0,0.0,583.0,0.0,7.4743589743589745,580.0,C,False,False,False,False
952916,1.0,0.0,25.0,0.0,25.0,7.0,C,False,True,True,False
952948,3542.0,8.0,5638.0,0.002258610954263128,1.5917560700169395,1178.0,A,False,False,False,False
952954,2.0,0.0,2.0,0.0,1.0,0.0,A,False,False,True,False
952968,2.0,0.0,10.0,0.0,5.0,1.0,B,False,False,True,False
952982,8.0,0.0,7.0,0.0,0.875,0.0,C,False,False,True,False
953362,0.0,0.0,0.0,0.0,0.0,10.0,C,False,False,True,False
953458,0.0,0.0,0.0,0.0,0.0,59.0,C,False,False,False,False
953460,0.0,0.0,0.0,0.0,0.0,7.0,C,False,False,True,False
953462,0.0,0.0,0.0,0.0,0.0,684.0,C,False,False,False,False
953464,52.0,0.0,486.0,0.0,9.346153846153847,317.0,C,False,False,False,False
953940,1.0,0.0,9.0,0.0,9.0,0.0,C,False,False,True,False
953952,7.0,0.0,91.0,0.0,13.0,0.0,C,False,False,True,False
954086,31.0,0.0,64.0,0.0,2.064516129032258,1.0,C,False,False,True,False
954284,0.0,0.0,0.0,0.0,0.0,1.0,C,False,False,True,False
954290,10.0,0.0,197.0,0.0,19.7,0.0,C,False,False,True,False
954318,1.0,0.0,4.0,0.0,4.0,1.0,B,False,False,True,False
954376,0.0,0.0,0.0,0.0,0.0,4.0,B,False,False,True,False
954378,0.0,0.0,0.0,0.0,0.0,8.0,B,False,False,True,False
954380,0.0,0.0,0.0,0.0,0.0,4.0,B,False,False,True,False
954616,7.0,0.0,46.0,0.0,6.571428571428571,0.0,B,False,False,True,False
954642,0.0,0.0,0.0,0.0,0.0,385.0,B,False,False,False,False
954650,462.0,0.0,4809.0,0.0,10.409090909090908,837.0,C,False,False,False,False
954750,223.0,0.0,4878.0,0.0,21.87443946188341,69.0,C,False,True,False,False
954810,37.0,0.0,336.0,0.0,9.08108108108108,0.0,B,False,False,True,False
955032,38.0,0.0,328.0,0.0,8.631578947368421,34.0,C,False,False,True,False
955068,0.0,0.0,0.0,0.0,0.0,2.0,C,False,False,True,False
955082,0.0,0.0,0.0,0.0,0.0,14.0,C,False,False,True,False
955086,0.0,0.0,0.0,0.0,0.0,1.0,C,False,False,True,False
955090,0.0,0.0,0.0,0.0,0.0,26.0,C,False,False,True,False
955094,0.0,0.0,0.0,0.0,0.0,2.0,C,False,False,True,False
955164,2.0,0.0,52.0,0.0,26.0,3.0,C,False,True,True,False
955436,1.0,0.0,23.0,0.0,23.0,0.0,B,False,True,True,False
955820,0.0,0.0,0.0,0.0,0.0,9.0,B,False,False,True,False
956080,5.0,0.0,252.0,0.0,50.4,0.0,A,False,True,True,False
956268,6.0,0.0,94.0,0.0,15.666666666666666,22.0,C,False,False,True,False
956276,8.0,0.0,53.0,0.0,6.625,9.0,B,False,False,True,False
956292,3.0,0.0,35.0,0.0,11.666666666666666,2.0,B,False,False,True,False
956298,0.0,0.0,0.0,0.0,0.0,14.0,B,False,False,True,False
956480,86.0,0.0,1236.0,0.0,14.372093023255815,0.0,B,False,False,True,False
956484,13.0,0.0,273.0,0.0,21.0,0.0,B,False,True,True,False
956664,1.0,0.0,9.0,0.0,9.0,0.0,B,False,False,True,False
957022,0.0,0.0,0.0,0.0,0.0,18.0,C,False,False,True,False
957922,3.0,1.0,26.0,0.3333333333333333,8.666666666666666,16.0,C,True,False,True,False
958394,22.0,0.0,157.0,0.0,7.136363636363637,0.0,C,False,False,True,False
958416,13.0,0.0,238.0,0.0,18.307692307692307,295.0,C,False,False,False,False
958418,9.0,0.0,85.0,0.0,9.444444444444445,457.0,C,False,False,False,False
958430,22.0,0.0,409.0,0.0,18.59090909090909,284.0,B,False,False,False,False
958432,15.0,0.0,377.0,0.0,25.133333333333333,147.0,B,False,True,False,False
958434,23.0,0.0,892.0,0.0,38.78260869565217,138.0,B,False,True,False,False
958440,0.0,0.0,0.0,0.0,0.0,81.0,B,False,False,False,False
958444,0.0,0.0,0.0,0.0,0.0,64.0,B,False,False,False,False
958452,27.0,0.0,347.0,0.0,12.851851851851851,423.0,B,False,False,False,False
958454,2.0,0.0,30.0,0.0,15.0,24.0,B,False,False,True,False
958456,10.0,0.0,264.0,0.0,26.4,842.0,B,False,True,False,False
958458,0.0,0.0,0.0,0.0,0.0,1.0,B,False,False,True,False
958460,103.0,0.0,5114.0,0.0,49.650485436893206,112.0,B,False,True,False,False
958468,7.0,0.0,244.0,0.0,34.857142857142854,516.0,B,False,True,False,False
958470,3.0,0.0,152.0,0.0,50.666666666666664,13.0,B,False,True,True,False
958472,0.0,0.0,0.0,0.0,0.0,28.0,B,False,False,True,False
958478,7.0,0.0,237.0,0.0,33.857142857142854,302.0,B,False,True,False,False
958480,0.0,0.0,0.0,0.0,0.0,138.0,B,False,False,False,False
958640,10.0,1.0,105.0,0.1,10.5,11.0,B,True,False,True,False
958672,0.0,0.0,0.0,0.0,0.0,49.0,B,False,False,True,False
959118,0.0,0.0,0.0,0.0,0.0,14.0,B,False,False,True,False
959312,56.0,7.0,418.0,0.125,7.464285714285714,145.0,C,True,False,False,False
959596,0.0,0.0,0.0,0.0,0.0,9.0,B,False,False,True,False
960294,1.0,0.0,36.0,0.0,36.0,296.0,B,False,True,False,False
960296,2.0,0.0,126.0,0.0,63.0,170.0,B,False,True,False,False
960620,50.0,1.0,748.0,0.02,14.96,58.0,A,True,False,True,False
960648,33.0,0.0,579.0,0.0,17.545454545454547,79.0,A,False,False,False,False
960666,0.0,0.0,0.0,0.0,0.0,1.0,B,False,False,True,False
960670,0.0,0.0,0.0,0.0,0.0,3.0,B,False,False,True,False
960672,0.0,0.0,0.0,0.0,0.0,219.0,B,False,False,False,False
960674,0.0,0.0,0.0,0.0,0.0,2.0,B,False,False,True,False
960698,6.0,0.0,101.0,0.0,16.833333333333332,0.0,B,False,False,True,False
960950,0.0,0.0,0.0,0.0,0.0,14.0,A,False,False,True,False
961064,23.0,0.0,173.0,0.0,7.521739130434782,904.0,A,False,False,False,False
961552,3.0,0.0,104.0,0.0,34.666666666666664,11.0,B,False,True,True,False
961770,79.0,0.0,866.0,0.0,10.962025316455696,0.0,B,False,False,True,False
962062,15.0,0.0,204.0,0.0,13.6,0.0,B,False,False,True,False
962168,4.0,0.0,69.0,0.0,17.25,0.0,C,False,False,True,False
962268,38.0,0.0,642.0,0.0,16.894736842105264,94.0,B,False,False,False,False
962658,331.0,0.0,2721.0,0.0,8.220543806646525,320.0,C,False,False,False,False
962902,223.0,0.0,1610.0,0.0,7.219730941704036,399.0,C,False,False,False,False
962904,0.0,0.0,0.0,0.0,0.0,2.0,C,False,False,True,False
963716,0.0,0.0,0.0,0.0,0.0,1.0,B,False,False,True,False
964510,15.0,0.0,150.0,0.0,10.0,131.0,C,False,False,False,False
964518,2.0,0.0,42.0,0.0,21.0,0.0,C,False,True,True,False
964666,43.0,0.0,578.0,0.0,13.44186046511628,814.0,A,False,False,False,False
964712,6.0,0.0,122.0,0.0,20.333333333333332,9.0,C,False,False,True,False
964716,0.0,0.0,0.0,0.0,0.0,296.0,C,False,False,False,False
965232,0.0,0.0,0.0,0.0,0.0,37.0,C,False,False,True,False
965328,0.0,0.0,0.0,0.0,0.0,28.0,C,False,False,True,False
965538,0.0,0.0,0.0,0.0,0.0,475.0,A,False,False,False,False
965540,0.0,0.0,0.0,0.0,0.0,807.0,A,False,False,False,False
965542,0.0,0.0,0.0,0.0,0.0,681.0,A,False,False,False,False
965544,0.0,0.0,0.0,0.0,0.0,1277.0,A,False,False,False,False
965942,4.0,0.0,51.0,0.0,12.75,0.0,C,False,False,True,False
966158,3.0,0.0,45.0,0.0,15.0,34.0,C,False,False,True,False
966686,2.0,0.0,33.0,0.0,16.5,1.0,A,False,False,True,False
967204,0.0,0.0,0.0,0.0,0.0,3.0,C,False,False,True,False
967310,1.0,0.0,8.0,0.0,8.0,52.0,B,False,False,True,False
968150,4.0,0.0,4.0,0.0,1.0,91.0,B,False,False,False,False
968232,1.0,0.0,13.0,0.0,13.0,0.0,A,False,False,True,False
968338,13.0,0.0,115.0,0.0,8.846153846153847,213.0,B,False,False,False,False
968368,2.0,0.0,38.0,0.0,19.0,0.0,B,False,False,True,False
968520,5.0,0.0,5.0,0.0,1.0,0.0,A,False,False,True,False
969262,0.0,0.0,0.0,0.0,0.0,1.0,C,False,False,True,False
969268,0.0,0.0,0.0,0.0,0.0,5.0,C,False,False,True,False
969272,154.0,0.0,1867.0,0.0,12.123376623376624,228.0,C,False,False,False,False
969284,0.0,0.0,0.0,0.0,0.0,1.0,C,False,False,True,False
969286,0.0,0.0,0.0,0.0,0.0,8.0,C,False,False,True,False
969288,3.0,0.0,88.0,0.0,29.333333333333332,2.0,C,False,True,True,False
969294,84.0,0.0,710.0,0.0,8.452380952380953,12.0,C,False,False,True,False
969380,1.0,0.0,21.0,0.0,21.0,7.0,C,False,True,True,False
969386,0.0,0.0,0.0,0.0,0.0,54.0,C,False,False,True,False
969600,0.0,0.0,0.0,0.0,0.0,19.0,C,False,False,True,False
970240,1.0,0.0,44.0,0.0,44.0,1.0,B,False,True,True,False
970242,0.0,0.0,0.0,0.0,0.0,10.0,B,False,False,True,False
970244,2.0,0.0,81.0,0.0,40.5,2.0,B,False,True,True,False
970250,0.0,0.0,0.0,0.0,0.0,1.0,B,False,False,True,False
970252,1.0,0.0,25.0,0.0,25.0,5.0,B,False,True,True,False
970254,3.0,0.0,121.0,0.0,40.333333333333336,9.0,B,False,True,True,False
970258,0.0,0.0,0.0,0.0,0.0,1.0,B,False,False,True,False
970484,0.0,0.0,0.0,0.0,0.0,7.0,B,False,False,True,False
970486,0.0,0.0,0.0,0.0,0.0,6.0,B,False,False,True,False
971100,3.0,0.0,26.0,0.0,8.666666666666666,0.0,C,False,False,True,False
971102,76.0,0.0,1352.0,0.0,17.789473684210527,0.0,C,False,False,True,False
971354,6.0,0.0,84.0,0.0,14.0,0.0,B,False,False,True,False
972408,0.0,0.0,0.0,0.0,0.0,6.0,B,False,False,True,False
972410,0.0,0.0,0.0,0.0,0.0,77.0,B,False,False,False,False
972412,1.0,0.0,25.0,0.0,25.0,60.0,B,False,True,False,False
972460,1.0,0.0,4.0,0.0,4.0,50.0,C,False,False,True,False
973120,0.0,0.0,0.0,0.0,0.0,3.0,C,False,False,True,False
973286,2.0,0.0,88.0,0.0,44.0,0.0,B,False,True,True,False
